customer_id,signup_date,country,age,gender,segment
CUST_00001,2023-10-01,UK,20,M,Regular
CUST_00002,2024-11-25,UK,24,M,New
CUST_00003,2024-06-18,Canada,42,F,Regular
CUST_00004,2024-03-13,USA,23,F,VIP
CUST_00005,2023-04-24,Canada,51,M,New
CUST_00006,2023-04-24,USA,37,M,New
CUST_00007,2023-02-12,Brazil,39,M,Regular
CUST_00008,2024-09-24,Canada,34,M,Regular
CUST_00009,2024-03-14,USA,47,M,New
CUST_00010,2024-05-31,UK,47,F,Regular
CUST_00011,2023-01-16,USA,42,F,Regular
CUST_00012,2024-12-09,France,44,F,At-Risk
CUST_00013,2024-08-30,Germany,35,M,New
CUST_00014,2023-06-05,France,44,F,VIP
CUST_00015,2023-05-13,USA,33,F,New
CUST_00016,2023-05-14,USA,38,F,Regular
CUST_00017,2023-08-11,USA,34,F,Regular
CUST_00018,2024-01-19,USA,32,M,New
CUST_00019,2023-11-12,Germany,29,M,VIP
CUST_00020,2023-08-01,Canada,43,F,New
CUST_00021,2024-03-22,France,53,M,Regular
CUST_00022,2023-04-12,UK,52,M,New
CUST_00023,2023-08-02,Australia,22,M,Regular
CUST_00024,2023-09-25,France,53,M,New
CUST_00025,2023-11-29,Australia,34,F,VIP
CUST_00026,2024-07-27,Germany,45,M,VIP
CUST_00027,2023-05-26,USA,27,M,VIP
CUST_00028,2024-01-11,USA,39,F,New
CUST_00029,2024-03-08,Brazil,41,M,Regular
CUST_00030,2023-02-03,USA,20,Other,New
CUST_00031,2024-03-19,USA,45,M,VIP
CUST_00032,2023-05-05,Germany,54,F,Regular
CUST_00033,2023-02-17,Germany,35,F,Regular
CUST_00034,2024-11-23,Germany,54,F,Regular
CUST_00035,2024-12-05,USA,35,M,New
CUST_00036,2024-08-13,UK,48,M,Regular
CUST_00037,2023-08-11,Germany,18,F,New
CUST_00038,2023-03-13,Japan,67,F,At-Risk
CUST_00039,2024-05-14,Brazil,55,M,At-Risk
CUST_00040,2023-11-18,Australia,34,M,Regular
CUST_00041,2023-03-31,Brazil,18,F,At-Risk
CUST_00042,2023-12-28,Germany,41,F,New
CUST_00043,2023-01-26,USA,20,M,At-Risk
CUST_00044,2024-10-25,France,43,F,New
CUST_00045,2023-07-08,France,42,F,Regular
CUST_00046,2024-04-28,Germany,26,F,Regular
CUST_00047,2023-08-16,UK,51,F,New
CUST_00048,2024-01-15,Germany,47,M,New
CUST_00049,2024-02-04,USA,49,F,New
CUST_00050,2023-05-15,Germany,38,F,At-Risk
CUST_00051,2024-12-08,USA,21,F,New
CUST_00052,2024-07-19,Brazil,49,M,Regular
CUST_00053,2024-11-16,USA,34,F,VIP
CUST_00054,2024-10-15,USA,21,M,New
CUST_00055,2024-03-12,UK,54,M,Regular
CUST_00056,2024-11-03,France,63,F,Regular
CUST_00057,2023-03-06,UK,37,F,New
CUST_00058,2023-05-24,USA,63,F,VIP
CUST_00059,2023-02-03,Germany,39,M,New
CUST_00060,2023-08-26,USA,33,F,New
CUST_00061,2023-10-11,Australia,30,M,Regular
CUST_00062,2023-07-18,Australia,57,F,Regular
CUST_00063,2024-08-27,Germany,28,M,At-Risk
CUST_00064,2023-09-18,USA,46,F,At-Risk
CUST_00065,2023-07-25,Brazil,31,F,Regular
CUST_00066,2024-02-01,USA,32,M,New
CUST_00067,2023-04-13,UK,50,M,New
CUST_00068,2024-08-08,USA,33,F,New
CUST_00069,2023-02-24,Australia,33,F,Regular
CUST_00070,2024-12-21,USA,51,F,VIP
CUST_00071,2024-07-17,Germany,57,F,New
CUST_00072,2023-05-26,Brazil,45,M,New
CUST_00073,2023-01-05,UK,30,M,Regular
CUST_00074,2024-08-18,USA,31,M,New
CUST_00075,2024-05-31,Japan,38,M,Regular
CUST_00076,2024-06-16,Germany,41,F,Regular
CUST_00077,2024-07-17,Germany,26,M,Regular
CUST_00078,2023-02-24,USA,46,F,New
CUST_00079,2023-09-19,UK,39,F,At-Risk
CUST_00080,2023-03-26,UK,18,F,New
CUST_00081,2024-09-22,USA,26,F,At-Risk
CUST_00082,2024-03-31,USA,31,M,New
CUST_00083,2023-08-30,Canada,37,F,At-Risk
CUST_00084,2023-02-16,USA,60,M,Regular
CUST_00085,2023-08-16,USA,40,M,New
CUST_00086,2023-08-26,Germany,27,F,VIP
CUST_00087,2024-06-16,Brazil,40,M,Regular
CUST_00088,2024-04-10,USA,33,Other,New
CUST_00089,2024-10-09,Germany,41,F,New
CUST_00090,2023-12-11,USA,44,F,Regular
CUST_00091,2023-03-29,USA,52,M,Regular
CUST_00092,2024-06-04,USA,37,F,Regular
CUST_00093,2024-07-09,Canada,57,M,Regular
CUST_00094,2024-02-14,USA,48,F,Regular
CUST_00095,2024-07-16,USA,29,M,VIP
CUST_00096,2023-12-27,UK,64,F,Regular
CUST_00097,2024-01-17,Canada,41,M,New
CUST_00098,2023-11-09,USA,27,M,At-Risk
CUST_00099,2023-01-19,UK,57,F,New
CUST_00100,2023-03-20,USA,62,M,New
CUST_00101,2023-01-23,UK,37,F,Regular
CUST_00102,2024-04-09,Germany,31,M,Regular
CUST_00103,2023-08-18,Germany,35,M,New
CUST_00104,2024-01-07,USA,46,F,New
CUST_00105,2024-10-24,USA,53,M,Regular
CUST_00106,2023-07-01,USA,44,M,At-Risk
CUST_00107,2023-10-27,UK,39,F,Regular
CUST_00108,2024-07-05,USA,55,M,Regular
CUST_00109,2023-06-17,Brazil,34,M,New
CUST_00110,2023-02-26,Japan,50,M,New
CUST_00111,2023-07-31,Japan,34,M,New
CUST_00112,2023-04-28,Canada,43,F,New
CUST_00113,2024-11-09,Germany,36,M,Regular
CUST_00114,2024-08-12,France,37,F,New
CUST_00115,2024-04-07,USA,33,M,New
CUST_00116,2024-09-28,France,54,M,Regular
CUST_00117,2024-08-09,UK,29,M,At-Risk
CUST_00118,2023-05-17,UK,29,F,At-Risk
CUST_00119,2024-10-13,Brazil,63,F,Regular
CUST_00120,2024-01-29,USA,49,F,New
CUST_00121,2024-08-12,USA,18,Other,Regular
CUST_00122,2024-10-16,Australia,31,M,New
CUST_00123,2023-08-21,USA,18,M,Regular
CUST_00124,2023-03-22,UK,26,M,VIP
CUST_00125,2023-06-16,Australia,18,M,Regular
CUST_00126,2023-11-08,Germany,36,M,At-Risk
CUST_00127,2024-08-20,Germany,24,M,Regular
CUST_00128,2024-09-20,USA,38,M,Regular
CUST_00129,2023-01-06,USA,18,M,New
CUST_00130,2024-01-08,Canada,38,M,At-Risk
CUST_00131,2023-11-01,Germany,33,M,New
CUST_00132,2023-06-12,Germany,56,F,At-Risk
CUST_00133,2023-03-29,USA,54,M,New
CUST_00134,2023-09-04,USA,47,F,New
CUST_00135,2024-11-19,Japan,34,F,VIP
CUST_00136,2023-08-24,UK,61,M,New
CUST_00137,2024-01-14,Germany,19,M,VIP
CUST_00138,2024-05-28,USA,21,M,New
CUST_00139,2023-09-23,France,36,F,At-Risk
CUST_00140,2024-12-10,Australia,65,M,Regular
CUST_00141,2024-12-03,Germany,35,M,Regular
CUST_00142,2023-07-03,USA,35,M,New
CUST_00143,2023-12-29,Germany,20,F,New
CUST_00144,2023-08-08,Brazil,49,M,VIP
CUST_00145,2023-07-27,UK,49,F,New
CUST_00146,2023-01-27,Canada,47,F,New
CUST_00147,2024-03-20,France,30,F,Regular
CUST_00148,2024-01-02,Canada,29,F,Regular
CUST_00149,2023-02-07,France,22,F,New
CUST_00150,2023-07-23,USA,39,F,New
CUST_00151,2024-10-25,USA,25,F,New
CUST_00152,2023-06-24,USA,23,M,At-Risk
CUST_00153,2023-04-16,Australia,32,M,New
CUST_00154,2023-12-24,Brazil,32,F,At-Risk
CUST_00155,2024-12-20,France,31,F,New
CUST_00156,2023-06-26,USA,43,F,New
CUST_00157,2024-05-05,USA,38,F,Regular
CUST_00158,2024-07-09,Brazil,34,F,New
CUST_00159,2023-06-23,UK,40,M,Regular
CUST_00160,2024-06-15,USA,26,F,At-Risk
CUST_00161,2023-09-26,Germany,39,M,New
CUST_00162,2024-04-06,USA,39,F,VIP
CUST_00163,2024-04-07,USA,19,F,New
CUST_00164,2024-01-27,UK,49,F,New
CUST_00165,2023-03-07,USA,27,M,New
CUST_00166,2024-09-01,Japan,39,M,At-Risk
CUST_00167,2023-08-23,USA,51,M,New
CUST_00168,2023-05-17,USA,49,F,At-Risk
CUST_00169,2023-01-30,USA,38,F,Regular
CUST_00170,2024-03-07,Brazil,33,M,New
CUST_00171,2024-05-09,UK,49,F,Regular
CUST_00172,2023-01-13,Germany,46,F,VIP
CUST_00173,2024-01-09,USA,30,M,Regular
CUST_00174,2023-06-15,USA,28,M,Regular
CUST_00175,2024-04-15,UK,18,F,At-Risk
CUST_00176,2023-05-08,Brazil,39,F,New
CUST_00177,2024-05-19,Canada,37,F,At-Risk
CUST_00178,2023-10-10,USA,51,F,VIP
CUST_00179,2024-11-14,Germany,42,Other,Regular
CUST_00180,2023-04-11,Australia,54,M,VIP
CUST_00181,2023-09-06,UK,29,F,Regular
CUST_00182,2023-03-24,Canada,51,M,Regular
CUST_00183,2024-11-06,USA,31,M,Regular
CUST_00184,2024-10-02,Australia,47,M,New
CUST_00185,2023-07-08,Brazil,20,M,Regular
CUST_00186,2024-04-26,Australia,40,F,New
CUST_00187,2024-08-19,France,18,F,Regular
CUST_00188,2024-02-10,UK,34,M,New
CUST_00189,2024-01-22,Australia,43,F,New
CUST_00190,2023-06-26,USA,31,F,New
CUST_00191,2023-03-09,USA,25,F,At-Risk
CUST_00192,2024-10-16,France,48,F,New
CUST_00193,2024-10-19,Brazil,36,M,Regular
CUST_00194,2024-04-07,Australia,32,F,New
CUST_00195,2023-09-05,USA,38,F,Regular
CUST_00196,2023-09-12,Brazil,69,F,New
CUST_00197,2024-06-13,Brazil,51,F,New
CUST_00198,2024-10-16,USA,51,F,Regular
CUST_00199,2024-10-09,UK,43,F,Regular
CUST_00200,2024-07-23,USA,39,F,New
CUST_00201,2024-04-13,USA,18,Other,Regular
CUST_00202,2023-03-03,Japan,29,M,At-Risk
CUST_00203,2023-04-28,France,32,M,New
CUST_00204,2024-10-17,France,18,M,New
CUST_00205,2024-03-18,Japan,24,F,Regular
CUST_00206,2023-01-07,UK,18,F,New
CUST_00207,2023-03-16,Brazil,37,M,At-Risk
CUST_00208,2024-04-29,UK,47,Other,Regular
CUST_00209,2023-01-04,Canada,51,F,Regular
CUST_00210,2023-04-28,USA,42,F,Regular
CUST_00211,2024-02-05,Australia,26,M,Regular
CUST_00212,2024-05-20,USA,18,F,New
CUST_00213,2024-04-20,USA,18,F,At-Risk
CUST_00214,2023-06-13,Brazil,22,F,Regular
CUST_00215,2024-06-03,UK,27,F,New
CUST_00216,2023-06-23,Germany,36,F,Regular
CUST_00217,2023-08-26,UK,25,M,New
CUST_00218,2024-06-28,Brazil,42,F,New
CUST_00219,2024-04-19,USA,35,M,Regular
CUST_00220,2024-09-11,USA,38,M,Regular
CUST_00221,2024-04-25,USA,51,M,Regular
CUST_00222,2024-02-19,UK,23,M,New
CUST_00223,2023-03-10,USA,43,M,Regular
CUST_00224,2023-09-26,UK,37,F,New
CUST_00225,2023-07-13,UK,33,F,Regular
CUST_00226,2023-06-28,USA,48,M,Regular
CUST_00227,2024-12-11,Germany,48,F,Regular
CUST_00228,2023-10-14,Canada,26,M,At-Risk
CUST_00229,2024-10-13,USA,35,M,At-Risk
CUST_00230,2024-04-05,Germany,41,F,At-Risk
CUST_00231,2024-08-03,France,34,F,At-Risk
CUST_00232,2024-01-02,UK,45,F,VIP
CUST_00233,2024-02-26,France,41,M,At-Risk
CUST_00234,2023-12-26,UK,59,F,At-Risk
CUST_00235,2023-05-23,Germany,19,F,Regular
CUST_00236,2024-06-11,USA,36,F,New
CUST_00237,2023-07-24,France,27,M,New
CUST_00238,2023-01-18,France,45,F,VIP
CUST_00239,2024-04-16,USA,18,F,Regular
CUST_00240,2023-05-10,UK,42,Other,VIP
CUST_00241,2024-11-17,Japan,30,M,New
CUST_00242,2024-11-27,UK,29,F,New
CUST_00243,2024-10-29,Germany,20,M,Regular
CUST_00244,2023-09-28,Australia,32,F,At-Risk
CUST_00245,2023-01-12,France,51,M,New
CUST_00246,2024-11-08,Germany,37,M,At-Risk
CUST_00247,2023-11-09,Brazil,45,F,VIP
CUST_00248,2024-12-06,Canada,57,M,New
CUST_00249,2024-12-04,UK,41,M,New
CUST_00250,2024-09-14,UK,31,M,New
CUST_00251,2023-08-03,UK,43,M,New
CUST_00252,2023-10-09,Japan,31,F,Regular
CUST_00253,2024-09-13,France,31,F,New
CUST_00254,2023-08-20,USA,19,F,New
CUST_00255,2023-05-04,Canada,49,M,VIP
CUST_00256,2024-02-11,UK,33,F,Regular
CUST_00257,2024-11-14,USA,40,F,Regular
CUST_00258,2024-05-23,Germany,25,F,New
CUST_00259,2024-02-21,UK,43,F,VIP
CUST_00260,2023-03-12,Canada,28,F,At-Risk
CUST_00261,2024-03-24,USA,36,F,Regular
CUST_00262,2024-12-23,Canada,48,M,At-Risk
CUST_00263,2023-04-13,Germany,47,M,VIP
CUST_00264,2024-01-14,USA,37,F,Regular
CUST_00265,2024-10-02,Japan,18,F,Regular
CUST_00266,2024-06-24,Germany,73,M,New
CUST_00267,2024-05-23,USA,58,M,New
CUST_00268,2024-05-27,UK,46,F,New
CUST_00269,2023-09-20,Canada,28,F,New
CUST_00270,2023-08-03,USA,36,M,New
CUST_00271,2024-08-13,USA,31,M,At-Risk
CUST_00272,2024-08-14,USA,53,F,New
CUST_00273,2024-09-24,USA,41,F,At-Risk
CUST_00274,2024-10-28,Brazil,28,M,Regular
CUST_00275,2024-01-09,UK,32,F,New
CUST_00276,2024-01-02,USA,51,F,Regular
CUST_00277,2024-08-05,USA,57,F,New
CUST_00278,2024-04-19,USA,56,Other,At-Risk
CUST_00279,2024-05-27,Australia,47,F,VIP
CUST_00280,2024-08-03,USA,34,M,New
CUST_00281,2024-10-11,Japan,18,M,At-Risk
CUST_00282,2023-09-04,UK,41,M,Regular
CUST_00283,2023-10-02,USA,37,M,New
CUST_00284,2023-03-10,Canada,39,M,Regular
CUST_00285,2024-02-27,UK,38,M,Regular
CUST_00286,2023-01-27,France,22,F,New
CUST_00287,2023-12-06,Japan,44,F,VIP
CUST_00288,2024-02-01,USA,45,F,New
CUST_00289,2023-07-29,USA,46,F,Regular
CUST_00290,2024-03-07,Brazil,49,M,New
CUST_00291,2023-01-23,USA,45,M,At-Risk
CUST_00292,2023-01-28,USA,33,M,VIP
CUST_00293,2024-08-23,USA,37,F,New
CUST_00294,2023-09-20,USA,39,M,New
CUST_00295,2023-04-03,Brazil,39,F,New
CUST_00296,2024-01-17,USA,49,F,VIP
CUST_00297,2024-07-16,UK,45,M,New
CUST_00298,2023-06-07,Germany,62,M,VIP
CUST_00299,2024-03-30,UK,64,F,At-Risk
CUST_00300,2023-03-04,USA,38,F,Regular
CUST_00301,2023-02-07,Brazil,18,F,New
CUST_00302,2024-01-23,USA,52,M,New
CUST_00303,2024-01-30,Brazil,31,F,Regular
CUST_00304,2024-04-10,Canada,28,M,Regular
CUST_00305,2024-06-14,UK,33,Other,Regular
CUST_00306,2024-12-13,Germany,32,F,Regular
CUST_00307,2024-01-12,UK,45,F,New
CUST_00308,2023-08-24,UK,19,M,At-Risk
CUST_00309,2024-08-03,Canada,25,F,New
CUST_00310,2023-07-17,Canada,42,M,Regular
CUST_00311,2023-11-17,USA,45,M,VIP
CUST_00312,2023-02-27,Germany,45,M,New
CUST_00313,2023-01-19,Australia,28,F,Regular
CUST_00314,2024-12-03,Japan,26,F,VIP
CUST_00315,2024-09-02,Germany,31,M,Regular
CUST_00316,2024-05-23,UK,40,F,New
CUST_00317,2023-10-26,USA,55,M,New
CUST_00318,2023-05-07,Australia,18,M,New
CUST_00319,2023-04-25,USA,35,M,New
CUST_00320,2023-07-02,Germany,22,F,At-Risk
CUST_00321,2024-02-05,USA,18,F,Regular
CUST_00322,2024-06-05,USA,49,F,New
CUST_00323,2024-04-26,UK,44,F,At-Risk
CUST_00324,2023-07-24,Japan,43,M,Regular
CUST_00325,2024-11-28,USA,49,F,New
CUST_00326,2024-06-22,Germany,32,M,New
CUST_00327,2024-02-09,USA,32,F,New
CUST_00328,2024-03-22,USA,64,F,At-Risk
CUST_00329,2023-11-03,UK,35,F,Regular
CUST_00330,2023-06-30,Germany,46,F,At-Risk
CUST_00331,2023-09-17,USA,38,F,New
CUST_00332,2024-07-07,USA,18,M,At-Risk
CUST_00333,2023-01-11,USA,18,F,New
CUST_00334,2023-03-26,USA,31,M,At-Risk
CUST_00335,2023-02-03,Japan,50,M,At-Risk
CUST_00336,2023-01-30,Australia,47,F,New
CUST_00337,2024-09-16,USA,48,F,VIP
CUST_00338,2024-05-28,Germany,26,M,VIP
CUST_00339,2023-12-13,Australia,57,F,At-Risk
CUST_00340,2023-03-13,USA,26,Other,New
CUST_00341,2023-12-25,Brazil,40,F,Regular
CUST_00342,2023-12-12,Australia,37,F,At-Risk
CUST_00343,2023-05-07,USA,35,F,VIP
CUST_00344,2023-11-13,USA,54,M,New
CUST_00345,2023-10-18,Japan,29,F,VIP
CUST_00346,2024-03-25,Germany,21,F,New
CUST_00347,2024-04-08,USA,38,F,VIP
CUST_00348,2023-02-03,USA,33,F,New
CUST_00349,2023-10-01,UK,78,M,New
CUST_00350,2024-04-01,France,46,M,Regular
CUST_00351,2024-01-03,Brazil,33,M,Regular
CUST_00352,2024-09-17,Japan,25,M,Regular
CUST_00353,2024-04-25,USA,18,M,Regular
CUST_00354,2023-04-29,Germany,25,M,New
CUST_00355,2023-02-21,Germany,39,F,New
CUST_00356,2024-04-13,UK,55,F,VIP
CUST_00357,2023-01-20,USA,51,F,New
CUST_00358,2024-03-03,Japan,40,F,Regular
CUST_00359,2024-11-17,Canada,34,M,Regular
CUST_00360,2024-02-25,UK,41,M,At-Risk
CUST_00361,2023-10-11,Germany,31,F,Regular
CUST_00362,2024-04-14,USA,58,F,New
CUST_00363,2023-12-01,Germany,35,F,VIP
CUST_00364,2024-02-03,France,36,M,At-Risk
CUST_00365,2024-11-18,Germany,18,M,Regular
CUST_00366,2023-10-09,Japan,35,F,At-Risk
CUST_00367,2024-12-02,Germany,48,F,Regular
CUST_00368,2024-10-22,UK,25,F,Regular
CUST_00369,2023-05-23,Brazil,28,F,New
CUST_00370,2023-02-20,USA,47,F,Regular
CUST_00371,2023-03-15,UK,20,F,New
CUST_00372,2023-01-14,USA,50,F,New
CUST_00373,2023-03-10,UK,31,F,New
CUST_00374,2024-05-13,Brazil,33,F,New
CUST_00375,2023-02-21,UK,24,F,New
CUST_00376,2023-08-21,Brazil,42,F,Regular
CUST_00377,2024-09-08,Germany,67,M,New
CUST_00378,2023-01-17,USA,47,F,At-Risk
CUST_00379,2024-08-17,Brazil,27,F,New
CUST_00380,2023-07-25,USA,51,M,Regular
CUST_00381,2023-03-28,USA,34,F,New
CUST_00382,2024-05-23,Germany,54,M,New
CUST_00383,2024-04-04,USA,47,F,New
CUST_00384,2024-10-02,USA,18,F,Regular
CUST_00385,2024-06-20,France,25,M,VIP
CUST_00386,2024-08-09,Germany,49,M,New
CUST_00387,2023-07-25,UK,39,F,New
CUST_00388,2023-05-10,Japan,25,F,New
CUST_00389,2024-07-01,Germany,30,M,VIP
CUST_00390,2024-08-11,Canada,18,F,VIP
CUST_00391,2024-12-24,USA,36,F,New
CUST_00392,2023-10-29,Germany,64,F,New
CUST_00393,2023-09-29,Canada,47,M,At-Risk
CUST_00394,2024-07-20,Germany,64,F,New
CUST_00395,2023-09-06,France,48,M,Regular
CUST_00396,2024-11-10,UK,50,F,New
CUST_00397,2024-09-18,USA,61,F,Regular
CUST_00398,2023-11-10,UK,42,M,At-Risk
CUST_00399,2024-07-02,UK,35,F,At-Risk
CUST_00400,2024-07-04,Canada,50,M,VIP
CUST_00401,2023-03-17,USA,55,F,Regular
CUST_00402,2024-10-20,Japan,32,F,Regular
CUST_00403,2024-01-04,Australia,29,F,New
CUST_00404,2024-08-26,USA,39,F,At-Risk
CUST_00405,2023-08-22,USA,47,F,Regular
CUST_00406,2024-10-15,Canada,47,F,Regular
CUST_00407,2023-10-12,Japan,20,F,New
CUST_00408,2023-01-08,UK,60,M,Regular
CUST_00409,2024-10-22,USA,30,F,At-Risk
CUST_00410,2023-03-08,Germany,34,F,Regular
CUST_00411,2023-08-22,France,27,M,New
CUST_00412,2024-11-24,USA,70,M,New
CUST_00413,2024-11-24,Brazil,40,M,New
CUST_00414,2024-02-23,USA,27,M,At-Risk
CUST_00415,2024-04-06,USA,48,M,At-Risk
CUST_00416,2023-11-24,UK,47,F,At-Risk
CUST_00417,2023-08-03,UK,35,F,Regular
CUST_00418,2023-08-28,USA,48,F,Regular
CUST_00419,2024-05-05,UK,28,M,Regular
CUST_00420,2024-07-03,USA,32,F,Regular
CUST_00421,2024-07-31,USA,18,F,Regular
CUST_00422,2024-07-30,USA,22,F,Regular
CUST_00423,2023-03-08,Japan,59,F,Regular
CUST_00424,2023-12-27,UK,57,M,New
CUST_00425,2023-02-12,UK,38,F,New
CUST_00426,2024-02-06,Germany,57,F,VIP
CUST_00427,2023-11-19,Japan,36,M,At-Risk
CUST_00428,2024-10-10,USA,35,M,Regular
CUST_00429,2023-09-14,France,38,M,New
CUST_00430,2023-03-27,France,36,M,At-Risk
CUST_00431,2023-04-15,Germany,35,M,Regular
CUST_00432,2024-07-09,USA,51,F,Regular
CUST_00433,2024-03-27,France,39,F,Regular
CUST_00434,2023-03-15,USA,46,F,Regular
CUST_00435,2023-03-03,Germany,50,F,Regular
CUST_00436,2024-05-26,Brazil,42,F,At-Risk
CUST_00437,2023-02-23,USA,26,F,New
CUST_00438,2024-08-22,Canada,21,F,New
CUST_00439,2024-05-30,USA,39,M,New
CUST_00440,2023-03-01,Canada,35,F,New
CUST_00441,2023-03-03,UK,39,F,New
CUST_00442,2024-12-21,USA,37,M,New
CUST_00443,2023-10-01,USA,69,F,New
CUST_00444,2023-09-28,Australia,22,F,New
CUST_00445,2024-08-16,USA,18,F,New
CUST_00446,2024-11-22,USA,41,M,New
CUST_00447,2024-12-20,USA,33,F,Regular
CUST_00448,2024-07-03,France,41,M,Regular
CUST_00449,2023-10-02,Germany,45,M,New
CUST_00450,2023-03-02,USA,53,M,Regular
CUST_00451,2024-07-21,USA,19,F,At-Risk
CUST_00452,2024-02-12,USA,31,F,At-Risk
CUST_00453,2023-11-06,USA,43,M,New
CUST_00454,2024-10-23,UK,47,F,VIP
CUST_00455,2023-03-23,France,64,M,New
CUST_00456,2023-12-26,USA,49,M,New
CUST_00457,2023-01-09,UK,37,F,New
CUST_00458,2023-12-09,UK,27,M,New
CUST_00459,2023-02-11,Japan,31,F,Regular
CUST_00460,2023-03-28,Australia,30,M,Regular
CUST_00461,2023-03-27,Brazil,45,M,Regular
CUST_00462,2024-04-18,USA,41,F,New
CUST_00463,2024-06-28,USA,22,F,New
CUST_00464,2024-03-01,USA,32,M,New
CUST_00465,2024-12-03,USA,48,F,New
CUST_00466,2023-10-01,Germany,42,F,At-Risk
CUST_00467,2023-07-28,Brazil,44,F,VIP
CUST_00468,2024-09-26,Canada,42,M,At-Risk
CUST_00469,2023-06-13,Canada,57,F,Regular
CUST_00470,2024-12-04,UK,40,F,Regular
CUST_00471,2023-01-09,France,33,M,New
CUST_00472,2024-12-09,USA,27,F,Regular
CUST_00473,2023-02-01,USA,40,F,Regular
CUST_00474,2024-10-12,France,18,F,VIP
CUST_00475,2024-01-21,USA,35,F,Regular
CUST_00476,2024-12-25,UK,35,F,New
CUST_00477,2023-02-23,USA,21,F,VIP
CUST_00478,2024-02-09,France,26,F,At-Risk
CUST_00479,2024-12-08,Brazil,47,F,Regular
CUST_00480,2024-01-17,USA,40,F,Regular
CUST_00481,2024-04-04,Brazil,39,M,New
CUST_00482,2024-05-22,USA,41,M,Regular
CUST_00483,2023-11-28,UK,39,F,New
CUST_00484,2024-04-03,Brazil,52,M,New
CUST_00485,2024-03-02,France,39,F,Regular
CUST_00486,2024-10-19,Japan,20,F,New
CUST_00487,2023-02-03,USA,57,F,Regular
CUST_00488,2023-07-25,France,42,Other,At-Risk
CUST_00489,2024-11-24,Germany,30,F,New
CUST_00490,2024-10-11,Australia,22,M,Regular
CUST_00491,2023-11-29,USA,42,F,Regular
CUST_00492,2024-03-28,Brazil,36,M,New
CUST_00493,2023-07-22,Germany,56,M,Regular
CUST_00494,2023-05-18,USA,33,M,Regular
CUST_00495,2023-12-05,UK,27,M,Regular
CUST_00496,2023-09-15,USA,48,M,At-Risk
CUST_00497,2024-03-02,Germany,49,M,Regular
CUST_00498,2023-02-26,Canada,40,F,At-Risk
CUST_00499,2024-12-12,Germany,46,F,Regular
CUST_00500,2024-12-20,France,37,M,New
CUST_00501,2024-05-24,Germany,40,M,Regular
CUST_00502,2024-01-27,USA,51,F,New
CUST_00503,2023-08-14,USA,45,F,Regular
CUST_00504,2024-08-17,UK,35,F,Regular
CUST_00505,2024-05-14,USA,54,M,Regular
CUST_00506,2023-04-29,USA,18,F,New
CUST_00507,2024-10-26,Germany,62,F,Regular
CUST_00508,2024-08-23,USA,18,F,New
CUST_00509,2024-11-24,USA,30,M,Regular
CUST_00510,2024-06-13,UK,37,M,VIP
CUST_00511,2024-03-23,USA,36,M,At-Risk
CUST_00512,2023-11-02,Australia,50,M,New
CUST_00513,2024-11-11,Canada,25,F,Regular
CUST_00514,2024-09-24,France,41,F,Regular
CUST_00515,2023-02-03,USA,31,F,At-Risk
CUST_00516,2023-01-20,Brazil,41,F,Regular
CUST_00517,2023-10-02,Brazil,37,F,New
CUST_00518,2024-08-14,Brazil,39,M,Regular
CUST_00519,2024-12-21,USA,31,Other,Regular
CUST_00520,2023-04-20,France,31,F,Regular
CUST_00521,2024-03-09,Canada,41,M,At-Risk
CUST_00522,2023-10-06,Germany,49,M,New
CUST_00523,2024-12-09,France,30,F,At-Risk
CUST_00524,2024-09-06,UK,27,F,New
CUST_00525,2024-09-03,Germany,45,M,At-Risk
CUST_00526,2023-12-09,USA,37,F,At-Risk
CUST_00527,2023-10-30,France,47,F,Regular
CUST_00528,2023-07-19,USA,27,F,Regular
CUST_00529,2023-02-11,UK,18,M,New
CUST_00530,2024-09-23,USA,31,M,New
CUST_00531,2024-08-16,Germany,28,F,New
CUST_00532,2024-12-30,USA,37,F,New
CUST_00533,2024-12-28,France,30,M,Regular
CUST_00534,2024-02-10,Brazil,46,M,New
CUST_00535,2024-07-15,USA,34,M,At-Risk
CUST_00536,2024-11-20,USA,39,M,Regular
CUST_00537,2024-09-12,USA,39,F,Regular
CUST_00538,2023-06-30,Canada,40,F,Regular
CUST_00539,2023-11-25,Germany,37,M,New
CUST_00540,2023-04-05,UK,44,M,New
CUST_00541,2024-11-27,USA,28,F,New
CUST_00542,2024-03-18,France,54,M,VIP
CUST_00543,2023-06-16,Canada,35,F,Regular
CUST_00544,2024-05-05,Canada,22,F,New
CUST_00545,2024-03-27,France,40,F,VIP
CUST_00546,2023-09-19,USA,27,M,New
CUST_00547,2023-03-24,USA,45,M,Regular
CUST_00548,2024-05-05,USA,64,F,Regular
CUST_00549,2024-01-15,USA,28,M,Regular
CUST_00550,2024-07-17,USA,41,M,At-Risk
CUST_00551,2024-01-15,USA,18,F,VIP
CUST_00552,2024-09-14,UK,43,F,Regular
CUST_00553,2024-02-07,Australia,27,F,New
CUST_00554,2024-02-14,Germany,30,M,VIP
CUST_00555,2024-10-01,Canada,24,F,Regular
CUST_00556,2023-10-22,France,46,F,New
CUST_00557,2023-04-08,USA,50,M,Regular
CUST_00558,2023-01-22,Brazil,38,F,New
CUST_00559,2024-07-05,USA,27,M,New
CUST_00560,2024-03-28,France,57,M,At-Risk
CUST_00561,2024-05-28,USA,28,M,Regular
CUST_00562,2023-06-05,Japan,18,F,New
CUST_00563,2023-04-10,USA,43,F,Regular
CUST_00564,2023-01-11,USA,24,M,At-Risk
CUST_00565,2023-09-13,Australia,49,M,New
CUST_00566,2024-03-06,USA,33,M,Regular
CUST_00567,2023-10-14,France,45,M,VIP
CUST_00568,2023-11-16,Brazil,54,M,New
CUST_00569,2024-10-22,Canada,23,M,Regular
CUST_00570,2023-09-12,Japan,31,M,New
CUST_00571,2024-01-11,Japan,37,F,Regular
CUST_00572,2024-07-26,USA,56,F,VIP
CUST_00573,2023-10-17,Canada,30,F,New
CUST_00574,2024-03-30,France,30,M,VIP
CUST_00575,2024-09-21,France,43,M,VIP
CUST_00576,2024-11-24,USA,31,M,New
CUST_00577,2023-04-18,France,39,M,Regular
CUST_00578,2024-11-07,Japan,19,M,New
CUST_00579,2023-12-26,Australia,64,F,At-Risk
CUST_00580,2023-07-08,UK,21,F,Regular
CUST_00581,2023-12-02,USA,34,M,Regular
CUST_00582,2024-12-16,UK,37,M,Regular
CUST_00583,2023-12-26,Canada,60,F,Regular
CUST_00584,2023-08-28,France,22,M,At-Risk
CUST_00585,2024-04-07,UK,61,F,Regular
CUST_00586,2023-06-25,USA,47,Other,At-Risk
CUST_00587,2023-02-25,UK,43,Other,Regular
CUST_00588,2023-04-05,UK,26,M,New
CUST_00589,2023-04-04,Australia,44,M,At-Risk
CUST_00590,2023-04-21,France,29,M,Regular
CUST_00591,2023-04-12,USA,53,F,Regular
CUST_00592,2024-04-12,Germany,26,F,At-Risk
CUST_00593,2023-05-13,USA,36,F,New
CUST_00594,2023-09-10,Japan,31,F,Regular
CUST_00595,2024-10-16,UK,26,F,New
CUST_00596,2023-12-12,UK,46,F,Regular
CUST_00597,2024-05-02,UK,44,F,VIP
CUST_00598,2023-05-06,France,52,F,At-Risk
CUST_00599,2023-05-21,France,18,F,Regular
CUST_00600,2023-01-30,France,50,M,VIP
CUST_00601,2023-05-04,USA,68,F,At-Risk
CUST_00602,2023-07-23,USA,32,M,Regular
CUST_00603,2023-05-10,USA,60,M,New
CUST_00604,2023-03-06,France,34,F,Regular
CUST_00605,2023-03-30,USA,21,F,At-Risk
CUST_00606,2023-12-03,Germany,34,F,At-Risk
CUST_00607,2023-05-31,Canada,50,M,Regular
CUST_00608,2023-09-23,Canada,27,F,At-Risk
CUST_00609,2024-01-03,UK,30,M,New
CUST_00610,2024-05-18,UK,45,F,New
CUST_00611,2023-01-29,USA,38,M,At-Risk
CUST_00612,2024-08-06,France,45,F,New
CUST_00613,2024-04-03,Canada,40,F,New
CUST_00614,2023-03-01,USA,43,M,Regular
CUST_00615,2024-09-29,UK,32,F,Regular
CUST_00616,2024-11-03,Canada,40,F,Regular
CUST_00617,2023-02-14,Canada,26,M,New
CUST_00618,2023-07-22,USA,53,M,At-Risk
CUST_00619,2024-08-11,Germany,30,M,At-Risk
CUST_00620,2024-06-30,USA,51,M,New
CUST_00621,2023-05-15,USA,35,F,Regular
CUST_00622,2023-06-02,Australia,40,F,Regular
CUST_00623,2023-09-28,Canada,32,M,Regular
CUST_00624,2023-12-20,Brazil,25,M,New
CUST_00625,2024-03-27,USA,18,F,Regular
CUST_00626,2023-09-27,Canada,25,M,New
CUST_00627,2023-12-04,UK,34,M,New
CUST_00628,2024-06-29,USA,40,M,Regular
CUST_00629,2023-01-27,Germany,50,F,Regular
CUST_00630,2023-07-04,USA,32,F,Regular
CUST_00631,2024-06-04,Brazil,27,F,VIP
CUST_00632,2024-10-15,Germany,20,M,New
CUST_00633,2024-01-09,USA,43,F,VIP
CUST_00634,2024-01-24,USA,54,F,New
CUST_00635,2023-03-20,USA,53,F,Regular
CUST_00636,2023-11-23,USA,46,M,VIP
CUST_00637,2024-01-24,Germany,45,F,Regular
CUST_00638,2023-06-27,Canada,58,F,Regular
CUST_00639,2023-07-16,USA,41,M,Regular
CUST_00640,2023-10-03,USA,45,M,At-Risk
CUST_00641,2023-01-15,Germany,34,F,Regular
CUST_00642,2023-08-24,Brazil,21,F,VIP
CUST_00643,2023-06-04,USA,29,F,At-Risk
CUST_00644,2023-08-28,USA,37,F,Regular
CUST_00645,2023-03-29,Germany,38,F,Regular
CUST_00646,2024-10-12,USA,61,M,New
CUST_00647,2024-03-09,USA,38,M,New
CUST_00648,2024-05-10,Brazil,52,F,Regular
CUST_00649,2024-07-30,France,32,M,VIP
CUST_00650,2023-12-30,Germany,34,M,Regular
CUST_00651,2023-03-05,Brazil,22,F,At-Risk
CUST_00652,2024-01-28,France,29,F,New
CUST_00653,2024-03-04,USA,44,M,Regular
CUST_00654,2024-06-28,UK,38,M,Regular
CUST_00655,2023-11-12,USA,49,M,Regular
CUST_00656,2023-04-04,USA,40,M,VIP
CUST_00657,2023-07-27,France,33,F,New
CUST_00658,2023-09-23,Canada,63,M,New
CUST_00659,2024-04-16,Japan,36,F,Regular
CUST_00660,2024-02-21,France,51,F,Regular
CUST_00661,2023-09-17,USA,33,F,VIP
CUST_00662,2024-12-21,USA,46,M,At-Risk
CUST_00663,2024-03-18,Brazil,49,F,New
CUST_00664,2023-06-23,Germany,40,M,Regular
CUST_00665,2023-03-16,Germany,18,M,Regular
CUST_00666,2023-04-22,Brazil,38,F,At-Risk
CUST_00667,2023-06-29,France,52,F,At-Risk
CUST_00668,2023-04-28,Canada,44,F,Regular
CUST_00669,2023-05-17,USA,43,M,Regular
CUST_00670,2023-07-28,Brazil,18,M,New
CUST_00671,2023-05-07,Canada,29,Other,New
CUST_00672,2024-10-16,USA,42,F,Regular
CUST_00673,2023-02-28,France,42,F,Regular
CUST_00674,2024-01-18,USA,52,F,Regular
CUST_00675,2023-10-27,Australia,36,M,Regular
CUST_00676,2024-12-18,USA,42,F,Regular
CUST_00677,2023-03-23,Germany,38,M,Regular
CUST_00678,2023-10-18,USA,26,F,New
CUST_00679,2024-12-08,France,18,F,New
CUST_00680,2024-09-23,USA,43,F,New
CUST_00681,2024-08-19,USA,40,F,At-Risk
CUST_00682,2023-07-08,UK,30,M,New
CUST_00683,2023-05-05,Australia,18,F,VIP
CUST_00684,2024-05-03,USA,45,M,New
CUST_00685,2024-11-09,USA,34,M,Regular
CUST_00686,2024-02-11,Brazil,44,M,At-Risk
CUST_00687,2024-02-22,Germany,60,F,Regular
CUST_00688,2023-07-24,Australia,18,M,New
CUST_00689,2024-07-15,USA,29,M,New
CUST_00690,2023-05-17,France,35,F,At-Risk
CUST_00691,2023-08-25,USA,55,F,Regular
CUST_00692,2023-11-07,USA,18,M,Regular
CUST_00693,2024-01-06,France,61,M,Regular
CUST_00694,2023-06-26,Germany,39,F,New
CUST_00695,2023-03-25,Brazil,36,F,New
CUST_00696,2024-03-21,USA,35,M,Regular
CUST_00697,2023-07-30,UK,32,F,Regular
CUST_00698,2024-02-29,UK,50,F,New
CUST_00699,2023-04-23,Japan,25,F,VIP
CUST_00700,2023-12-18,USA,42,F,At-Risk
CUST_00701,2024-01-24,USA,33,F,At-Risk
CUST_00702,2023-02-07,UK,28,F,New
CUST_00703,2023-09-03,Germany,69,M,New
CUST_00704,2023-04-09,USA,43,F,At-Risk
CUST_00705,2023-02-16,Australia,45,F,New
CUST_00706,2024-12-23,USA,51,M,New
CUST_00707,2023-08-24,Canada,20,F,At-Risk
CUST_00708,2024-08-14,USA,59,M,New
CUST_00709,2023-07-05,France,18,M,Regular
CUST_00710,2024-05-12,Australia,28,M,Regular
CUST_00711,2024-07-08,USA,32,F,VIP
CUST_00712,2024-03-10,Japan,44,F,New
CUST_00713,2023-12-11,UK,40,M,At-Risk
CUST_00714,2023-10-28,Australia,35,F,Regular
CUST_00715,2023-09-12,France,37,M,Regular
CUST_00716,2024-11-09,USA,26,F,New
CUST_00717,2024-08-29,USA,20,F,New
CUST_00718,2024-12-05,USA,46,F,Regular
CUST_00719,2023-04-01,USA,46,F,Regular
CUST_00720,2024-06-17,USA,57,M,At-Risk
CUST_00721,2024-11-15,USA,28,F,Regular
CUST_00722,2023-05-13,UK,46,F,Regular
CUST_00723,2023-02-18,Brazil,34,M,Regular
CUST_00724,2024-06-25,USA,52,F,VIP
CUST_00725,2024-02-24,USA,50,F,Regular
CUST_00726,2024-09-06,France,40,M,New
CUST_00727,2023-04-13,USA,33,F,At-Risk
CUST_00728,2024-08-03,USA,49,F,Regular
CUST_00729,2023-05-28,USA,45,F,Regular
CUST_00730,2023-04-30,Australia,29,M,Regular
CUST_00731,2023-04-30,Canada,22,M,Regular
CUST_00732,2024-08-17,UK,34,M,New
CUST_00733,2024-04-30,France,56,F,New
CUST_00734,2024-01-17,Germany,51,F,VIP
CUST_00735,2023-09-19,France,24,F,New
CUST_00736,2024-10-02,France,23,M,Regular
CUST_00737,2023-10-14,France,53,M,New
CUST_00738,2024-08-19,USA,24,F,New
CUST_00739,2023-11-17,USA,44,F,New
CUST_00740,2023-10-03,UK,30,F,Regular
CUST_00741,2023-12-04,Canada,57,F,Regular
CUST_00742,2023-08-09,Germany,28,F,New
CUST_00743,2024-06-29,Canada,51,F,New
CUST_00744,2024-01-02,Japan,40,F,At-Risk
CUST_00745,2023-06-19,USA,41,M,Regular
CUST_00746,2024-10-18,France,18,F,VIP
CUST_00747,2023-10-08,France,18,F,At-Risk
CUST_00748,2024-02-01,Japan,35,M,At-Risk
CUST_00749,2024-10-23,Japan,40,M,At-Risk
CUST_00750,2024-03-31,France,24,M,New
CUST_00751,2023-03-27,USA,24,F,At-Risk
CUST_00752,2024-11-17,Brazil,44,M,VIP
CUST_00753,2024-04-03,USA,44,M,VIP
CUST_00754,2023-09-02,Brazil,36,F,New
CUST_00755,2023-04-12,Australia,47,M,At-Risk
CUST_00756,2024-08-02,UK,23,F,VIP
CUST_00757,2024-03-28,France,33,F,VIP
CUST_00758,2024-01-25,UK,57,F,New
CUST_00759,2024-10-14,UK,38,M,New
CUST_00760,2024-07-29,USA,39,M,At-Risk
CUST_00761,2023-04-21,Brazil,65,M,Regular
CUST_00762,2023-08-16,Australia,21,F,New
CUST_00763,2023-07-01,Australia,47,F,VIP
CUST_00764,2024-06-27,USA,57,M,New
CUST_00765,2023-01-25,Canada,34,F,Regular
CUST_00766,2024-02-21,Brazil,48,M,New
CUST_00767,2024-07-10,USA,26,Other,New
CUST_00768,2024-10-02,USA,29,F,New
CUST_00769,2023-09-07,USA,42,F,New
CUST_00770,2024-08-22,Australia,47,F,New
CUST_00771,2023-03-22,France,51,F,Regular
CUST_00772,2024-09-09,Brazil,56,F,At-Risk
CUST_00773,2023-04-04,USA,37,F,Regular
CUST_00774,2023-10-18,France,52,F,New
CUST_00775,2024-08-05,USA,33,F,New
CUST_00776,2023-04-20,UK,48,F,VIP
CUST_00777,2023-06-17,France,40,F,At-Risk
CUST_00778,2024-06-11,USA,43,F,New
CUST_00779,2024-06-09,Canada,43,F,New
CUST_00780,2024-04-13,USA,18,M,Regular
CUST_00781,2024-05-21,France,24,M,VIP
CUST_00782,2024-02-01,UK,39,M,Regular
CUST_00783,2023-07-03,Germany,18,F,Regular
CUST_00784,2023-09-10,USA,47,M,Regular
CUST_00785,2023-05-13,USA,48,Other,At-Risk
CUST_00786,2024-10-25,Australia,41,F,New
CUST_00787,2024-03-01,USA,24,F,At-Risk
CUST_00788,2023-10-20,Brazil,54,M,New
CUST_00789,2023-12-04,Japan,62,F,Regular
CUST_00790,2024-11-22,USA,39,F,Regular
CUST_00791,2023-04-22,USA,44,F,Regular
CUST_00792,2024-03-03,France,40,M,Regular
CUST_00793,2024-01-05,Japan,44,F,New
CUST_00794,2024-03-22,Australia,36,F,New
CUST_00795,2023-01-14,Germany,37,F,Regular
CUST_00796,2024-09-28,Brazil,48,F,Regular
CUST_00797,2024-11-11,USA,66,F,New
CUST_00798,2024-02-17,Japan,21,Other,At-Risk
CUST_00799,2024-05-23,Japan,36,F,New
CUST_00800,2024-11-04,USA,23,Other,Regular
CUST_00801,2024-05-31,USA,57,F,New
CUST_00802,2023-04-22,USA,30,M,Regular
CUST_00803,2024-02-25,USA,20,M,New
CUST_00804,2024-03-18,Brazil,45,M,Regular
CUST_00805,2023-11-06,UK,58,M,New
CUST_00806,2024-06-21,USA,45,M,New
CUST_00807,2024-11-13,USA,40,M,VIP
CUST_00808,2024-11-06,Japan,42,F,Regular
CUST_00809,2023-11-26,France,54,M,New
CUST_00810,2023-03-24,UK,27,M,New
CUST_00811,2024-12-19,USA,36,F,At-Risk
CUST_00812,2024-09-04,Japan,32,F,New
CUST_00813,2023-04-02,Canada,23,Other,At-Risk
CUST_00814,2024-11-03,USA,34,F,Regular
CUST_00815,2024-09-27,USA,51,M,New
CUST_00816,2024-01-14,USA,44,M,Regular
CUST_00817,2024-03-07,USA,45,M,At-Risk
CUST_00818,2023-10-19,Germany,39,M,New
CUST_00819,2023-02-09,Australia,44,M,Regular
CUST_00820,2023-09-02,UK,28,Other,Regular
CUST_00821,2024-08-09,Canada,34,M,At-Risk
CUST_00822,2023-01-04,UK,40,M,Regular
CUST_00823,2023-09-01,France,41,M,New
CUST_00824,2023-10-18,Brazil,41,F,New
CUST_00825,2024-01-28,USA,36,M,New
CUST_00826,2024-11-02,UK,33,M,New
CUST_00827,2023-09-10,France,75,M,New
CUST_00828,2023-09-11,USA,48,M,Regular
CUST_00829,2024-06-22,UK,42,M,New
CUST_00830,2023-11-27,Germany,35,F,New
CUST_00831,2023-06-13,Japan,32,M,Regular
CUST_00832,2023-11-27,UK,36,F,New
CUST_00833,2023-04-13,Brazil,41,F,New
CUST_00834,2023-05-09,UK,18,F,New
CUST_00835,2023-12-30,Brazil,19,M,New
CUST_00836,2023-11-02,Germany,30,M,VIP
CUST_00837,2024-10-29,Canada,40,M,Regular
CUST_00838,2023-09-22,UK,35,F,New
CUST_00839,2024-02-28,Germany,55,F,New
CUST_00840,2024-04-06,France,20,M,New
CUST_00841,2023-01-10,UK,28,F,Regular
CUST_00842,2024-04-29,USA,56,F,Regular
CUST_00843,2023-05-10,USA,39,F,Regular
CUST_00844,2024-12-02,USA,48,M,New
CUST_00845,2023-04-19,Canada,62,F,New
CUST_00846,2023-10-30,USA,29,M,Regular
CUST_00847,2023-03-04,USA,36,F,At-Risk
CUST_00848,2024-12-28,Brazil,34,M,At-Risk
CUST_00849,2024-01-02,USA,18,M,New
CUST_00850,2024-03-10,Germany,34,F,Regular
CUST_00851,2023-02-18,USA,48,F,Regular
CUST_00852,2024-07-01,Australia,44,M,At-Risk
CUST_00853,2023-06-03,Canada,45,M,New
CUST_00854,2024-10-17,Canada,33,F,Regular
CUST_00855,2023-05-30,UK,30,F,New
CUST_00856,2023-05-20,Brazil,53,F,Regular
CUST_00857,2023-01-27,USA,32,Other,New
CUST_00858,2023-12-11,USA,41,M,VIP
CUST_00859,2024-02-17,USA,39,F,At-Risk
CUST_00860,2023-02-17,Germany,55,F,New
CUST_00861,2024-07-20,UK,49,F,Regular
CUST_00862,2023-11-27,Germany,22,M,New
CUST_00863,2024-01-18,USA,23,F,Regular
CUST_00864,2023-11-18,UK,44,F,New
CUST_00865,2023-10-20,France,37,F,New
CUST_00866,2024-02-13,UK,32,F,At-Risk
CUST_00867,2023-04-24,Brazil,50,F,New
CUST_00868,2023-05-13,USA,40,F,Regular
CUST_00869,2024-09-21,Brazil,38,M,At-Risk
CUST_00870,2024-11-21,Germany,47,M,At-Risk
CUST_00871,2023-09-30,USA,33,F,VIP
CUST_00872,2023-07-17,USA,56,F,New
CUST_00873,2024-04-15,France,28,M,VIP
CUST_00874,2023-10-26,Canada,45,F,New
CUST_00875,2023-01-19,UK,55,M,At-Risk
CUST_00876,2023-04-24,USA,21,M,Regular
CUST_00877,2024-06-06,Canada,33,F,VIP
CUST_00878,2024-04-26,France,51,F,New
CUST_00879,2023-01-20,UK,51,M,Regular
CUST_00880,2023-06-12,UK,35,F,VIP
CUST_00881,2023-06-18,USA,29,F,At-Risk
CUST_00882,2024-05-05,France,49,F,New
CUST_00883,2023-01-15,UK,52,M,At-Risk
CUST_00884,2023-03-17,Japan,24,F,New
CUST_00885,2024-08-06,UK,23,M,Regular
CUST_00886,2023-05-11,UK,40,M,Regular
CUST_00887,2024-04-21,Germany,45,F,New
CUST_00888,2023-06-23,Australia,34,F,New
CUST_00889,2023-03-14,Brazil,46,M,VIP
CUST_00890,2023-06-27,UK,29,F,New
CUST_00891,2024-06-11,France,18,F,New
CUST_00892,2024-09-16,Germany,32,F,VIP
CUST_00893,2024-08-29,UK,38,F,VIP
CUST_00894,2023-10-17,USA,34,M,Regular
CUST_00895,2024-05-02,UK,24,F,New
CUST_00896,2023-05-30,USA,18,M,New
CUST_00897,2023-08-02,Australia,31,F,Regular
CUST_00898,2024-10-16,USA,48,M,Regular
CUST_00899,2023-01-10,Australia,53,M,Regular
CUST_00900,2023-03-04,Germany,52,F,VIP
CUST_00901,2023-06-01,France,28,M,Regular
CUST_00902,2023-01-20,Germany,24,M,New
CUST_00903,2023-05-13,USA,43,F,At-Risk
CUST_00904,2024-03-01,UK,45,F,Regular
CUST_00905,2023-11-04,USA,42,F,Regular
CUST_00906,2024-10-13,France,18,M,At-Risk
CUST_00907,2024-08-19,UK,27,M,At-Risk
CUST_00908,2023-09-07,Brazil,37,M,Regular
CUST_00909,2023-07-09,USA,43,F,New
CUST_00910,2023-10-05,USA,47,F,At-Risk
CUST_00911,2024-03-06,UK,39,M,Regular
CUST_00912,2023-07-15,Australia,41,M,Regular
CUST_00913,2024-03-31,France,39,M,Regular
CUST_00914,2023-10-26,UK,46,M,Regular
CUST_00915,2024-02-07,Germany,41,M,At-Risk
CUST_00916,2023-11-15,USA,38,F,Regular
CUST_00917,2023-08-03,Japan,34,M,VIP
CUST_00918,2024-11-23,France,38,F,VIP
CUST_00919,2024-07-11,USA,43,F,VIP
CUST_00920,2023-04-13,Germany,41,M,Regular
CUST_00921,2024-09-25,USA,42,F,At-Risk
CUST_00922,2023-12-22,Japan,54,F,New
CUST_00923,2024-10-15,USA,41,M,New
CUST_00924,2024-08-06,France,30,F,VIP
CUST_00925,2023-11-07,USA,48,M,Regular
CUST_00926,2023-01-17,France,21,F,New
CUST_00927,2023-07-16,Brazil,25,F,New
CUST_00928,2024-01-31,France,42,F,New
CUST_00929,2024-04-07,Germany,44,F,VIP
CUST_00930,2023-07-08,Canada,23,F,Regular
CUST_00931,2023-04-12,USA,33,F,New
CUST_00932,2024-09-01,USA,30,F,VIP
CUST_00933,2024-12-19,USA,32,M,New
CUST_00934,2024-01-19,Japan,49,F,VIP
CUST_00935,2023-05-06,UK,46,M,Regular
CUST_00936,2023-07-18,Brazil,37,M,Regular
CUST_00937,2023-01-14,France,31,F,New
CUST_00938,2024-10-29,USA,21,M,New
CUST_00939,2023-03-27,USA,55,M,VIP
CUST_00940,2024-02-25,USA,45,F,New
CUST_00941,2023-07-20,UK,29,M,At-Risk
CUST_00942,2024-02-09,USA,46,M,Regular
CUST_00943,2024-04-20,USA,37,F,Regular
CUST_00944,2024-08-28,Canada,34,F,Regular
CUST_00945,2023-05-31,Japan,43,F,New
CUST_00946,2023-01-09,USA,29,F,Regular
CUST_00947,2023-04-10,USA,33,F,At-Risk
CUST_00948,2024-10-19,USA,39,F,New
CUST_00949,2024-09-29,France,32,F,Regular
CUST_00950,2024-03-12,Canada,46,F,Regular
CUST_00951,2024-03-14,USA,60,F,Regular
CUST_00952,2024-04-30,USA,28,M,New
CUST_00953,2023-05-09,Brazil,18,M,Regular
CUST_00954,2024-10-29,Germany,18,M,At-Risk
CUST_00955,2023-11-02,USA,36,F,New
CUST_00956,2023-10-07,France,30,M,Regular
CUST_00957,2024-01-14,USA,40,F,Regular
CUST_00958,2023-02-04,UK,39,F,Regular
CUST_00959,2023-05-02,Brazil,18,F,Regular
CUST_00960,2024-06-22,Brazil,18,M,Regular
CUST_00961,2023-03-02,UK,41,F,New
CUST_00962,2024-03-16,Australia,39,M,At-Risk
CUST_00963,2023-06-29,UK,32,F,VIP
CUST_00964,2023-10-12,Brazil,18,F,New
CUST_00965,2023-07-30,UK,43,M,Regular
CUST_00966,2023-09-17,Canada,53,F,VIP
CUST_00967,2024-06-08,Australia,41,M,At-Risk
CUST_00968,2023-08-05,USA,27,Other,At-Risk
CUST_00969,2024-02-18,Australia,38,M,At-Risk
CUST_00970,2023-12-14,Canada,21,M,New
CUST_00971,2024-04-29,Brazil,50,M,At-Risk
CUST_00972,2024-11-14,USA,38,M,At-Risk
CUST_00973,2024-06-18,Brazil,18,F,New
CUST_00974,2023-06-06,Canada,34,F,New
CUST_00975,2023-01-23,USA,43,F,Regular
CUST_00976,2023-07-11,Australia,34,M,Regular
CUST_00977,2024-03-10,USA,34,M,New
CUST_00978,2023-02-07,USA,23,F,New
CUST_00979,2023-12-29,Germany,44,M,New
CUST_00980,2024-03-11,Germany,30,F,Regular
CUST_00981,2023-09-01,France,18,F,New
CUST_00982,2024-07-16,USA,33,M,VIP
CUST_00983,2023-03-19,Japan,49,F,New
CUST_00984,2023-02-24,USA,33,F,At-Risk
CUST_00985,2024-06-15,USA,58,F,At-Risk
CUST_00986,2023-12-28,USA,43,M,At-Risk
CUST_00987,2024-05-17,Germany,42,M,Regular
CUST_00988,2023-11-14,Australia,36,M,New
CUST_00989,2023-06-29,France,37,M,Regular
CUST_00990,2024-08-20,Canada,34,M,New
CUST_00991,2024-08-06,USA,34,F,At-Risk
CUST_00992,2024-05-22,Germany,44,F,New
CUST_00993,2023-07-18,UK,26,F,Regular
CUST_00994,2024-03-06,UK,25,M,VIP
CUST_00995,2023-09-21,USA,24,F,At-Risk
CUST_00996,2023-03-08,France,62,M,VIP
CUST_00997,2024-10-31,Germany,44,F,Regular
CUST_00998,2023-04-10,Brazil,41,F,Regular
CUST_00999,2024-11-24,UK,25,F,Regular
CUST_01000,2023-11-22,USA,45,Other,New
CUST_01001,2023-05-16,France,36,F,At-Risk
CUST_01002,2024-01-31,USA,40,M,Regular
CUST_01003,2024-09-29,Canada,26,M,New
CUST_01004,2024-06-18,Germany,39,M,At-Risk
CUST_01005,2024-08-11,USA,32,M,Regular
CUST_01006,2024-04-25,Japan,28,F,At-Risk
CUST_01007,2024-05-20,Germany,46,M,At-Risk
CUST_01008,2024-09-11,USA,19,F,VIP
CUST_01009,2023-07-02,France,44,M,New
CUST_01010,2023-12-24,USA,46,M,New
CUST_01011,2023-06-11,Brazil,27,F,At-Risk
CUST_01012,2024-12-21,Brazil,28,M,At-Risk
CUST_01013,2024-11-20,Japan,35,F,Regular
CUST_01014,2023-01-29,Germany,41,F,Regular
CUST_01015,2024-05-30,UK,36,M,New
CUST_01016,2024-11-06,Brazil,43,F,At-Risk
CUST_01017,2023-05-12,USA,59,M,New
CUST_01018,2024-02-19,Germany,31,F,New
CUST_01019,2024-10-30,Germany,18,F,Regular
CUST_01020,2023-01-25,USA,47,M,New
CUST_01021,2024-05-24,UK,58,F,At-Risk
CUST_01022,2023-08-06,Canada,42,M,New
CUST_01023,2024-11-05,Canada,24,F,New
CUST_01024,2024-12-09,USA,36,F,Regular
CUST_01025,2024-11-20,USA,24,F,Regular
CUST_01026,2023-12-13,USA,45,F,New
CUST_01027,2024-09-21,Canada,21,M,Regular
CUST_01028,2024-09-08,USA,34,Other,Regular
CUST_01029,2023-08-21,France,25,M,At-Risk
CUST_01030,2024-08-28,USA,39,F,New
CUST_01031,2023-01-28,France,33,M,At-Risk
CUST_01032,2024-03-11,UK,40,Other,Regular
CUST_01033,2023-06-17,Brazil,38,F,New
CUST_01034,2023-03-30,USA,26,F,New
CUST_01035,2023-02-26,France,45,M,Regular
CUST_01036,2024-05-23,USA,37,F,New
CUST_01037,2023-09-06,France,26,F,New
CUST_01038,2024-06-13,Canada,64,F,New
CUST_01039,2023-02-17,USA,43,M,Regular
CUST_01040,2023-08-19,Canada,36,F,Regular
CUST_01041,2024-01-29,Germany,54,M,New
CUST_01042,2024-07-31,USA,60,M,Regular
CUST_01043,2023-08-21,UK,36,M,VIP
CUST_01044,2024-04-01,USA,42,M,New
CUST_01045,2024-10-08,France,26,M,At-Risk
CUST_01046,2024-03-25,Brazil,36,M,Regular
CUST_01047,2023-06-20,USA,35,M,At-Risk
CUST_01048,2023-01-18,Germany,40,F,New
CUST_01049,2024-09-27,Brazil,41,F,At-Risk
CUST_01050,2023-01-16,Australia,44,M,Regular
CUST_01051,2024-09-30,Germany,40,F,Regular
CUST_01052,2024-01-22,Australia,23,F,Regular
CUST_01053,2024-11-16,Germany,26,F,New
CUST_01054,2024-08-06,UK,31,M,At-Risk
CUST_01055,2024-12-29,Canada,34,M,Regular
CUST_01056,2023-09-14,UK,50,Other,New
CUST_01057,2024-07-14,UK,24,M,New
CUST_01058,2023-10-21,UK,33,M,New
CUST_01059,2023-12-17,Canada,49,M,Regular
CUST_01060,2024-04-03,Canada,34,M,Regular
CUST_01061,2024-09-29,UK,43,Other,Regular
CUST_01062,2024-12-19,USA,36,M,New
CUST_01063,2024-07-14,UK,41,F,Regular
CUST_01064,2023-11-01,Germany,35,Other,Regular
CUST_01065,2023-11-04,USA,46,F,New
CUST_01066,2024-06-22,Brazil,19,M,New
CUST_01067,2023-06-24,UK,33,M,New
CUST_01068,2023-03-22,USA,41,F,At-Risk
CUST_01069,2023-09-16,USA,44,M,Regular
CUST_01070,2023-07-29,USA,55,F,At-Risk
CUST_01071,2023-08-05,Australia,33,M,New
CUST_01072,2023-06-20,USA,55,F,At-Risk
CUST_01073,2023-01-31,USA,30,F,Regular
CUST_01074,2023-01-14,UK,53,F,Regular
CUST_01075,2024-12-22,USA,47,F,New
CUST_01076,2023-11-09,USA,27,M,Regular
CUST_01077,2023-10-08,USA,41,M,At-Risk
CUST_01078,2024-05-11,Germany,37,M,New
CUST_01079,2023-06-09,Germany,45,M,New
CUST_01080,2024-11-24,UK,35,F,Regular
CUST_01081,2024-07-28,UK,34,M,At-Risk
CUST_01082,2023-03-07,Japan,54,M,Regular
CUST_01083,2023-11-01,UK,36,Other,New
CUST_01084,2024-10-03,USA,47,M,Regular
CUST_01085,2024-11-20,USA,35,F,New
CUST_01086,2023-12-08,UK,57,M,At-Risk
CUST_01087,2024-03-23,Brazil,29,M,VIP
CUST_01088,2023-05-02,USA,30,F,Regular
CUST_01089,2024-12-24,France,56,F,New
CUST_01090,2023-06-19,USA,32,M,At-Risk
CUST_01091,2024-11-19,UK,57,M,Regular
CUST_01092,2024-04-19,Brazil,48,M,At-Risk
CUST_01093,2024-03-19,USA,36,M,Regular
CUST_01094,2024-01-10,Germany,18,M,VIP
CUST_01095,2023-06-18,USA,37,F,VIP
CUST_01096,2023-05-09,Brazil,39,M,New
CUST_01097,2023-06-10,USA,52,M,At-Risk
CUST_01098,2023-05-17,Canada,57,F,New
CUST_01099,2024-07-23,USA,29,M,VIP
CUST_01100,2023-09-13,Canada,47,M,At-Risk
CUST_01101,2023-02-12,UK,47,Other,New
CUST_01102,2024-12-08,Brazil,50,M,Regular
CUST_01103,2024-10-07,USA,43,F,Regular
CUST_01104,2024-11-08,Australia,18,M,VIP
CUST_01105,2024-12-27,USA,36,M,At-Risk
CUST_01106,2023-05-07,USA,24,M,Regular
CUST_01107,2023-10-17,UK,35,M,VIP
CUST_01108,2024-07-07,USA,49,M,New
CUST_01109,2024-05-23,USA,41,M,New
CUST_01110,2023-04-23,Australia,51,F,Regular
CUST_01111,2024-08-18,Japan,42,F,Regular
CUST_01112,2023-06-13,UK,22,M,New
CUST_01113,2023-06-13,Australia,18,F,Regular
CUST_01114,2024-01-27,Germany,39,F,New
CUST_01115,2024-03-08,USA,35,F,VIP
CUST_01116,2024-02-28,France,26,M,New
CUST_01117,2023-03-08,France,18,F,Regular
CUST_01118,2024-10-02,Japan,29,M,Regular
CUST_01119,2023-07-13,USA,35,M,At-Risk
CUST_01120,2023-04-05,France,45,F,Regular
CUST_01121,2024-10-10,USA,40,F,VIP
CUST_01122,2024-11-28,USA,57,F,At-Risk
CUST_01123,2024-09-21,USA,25,F,Regular
CUST_01124,2024-08-13,Japan,48,M,New
CUST_01125,2024-04-23,Brazil,38,F,At-Risk
CUST_01126,2024-02-07,Brazil,46,M,Regular
CUST_01127,2023-03-05,Germany,32,M,Regular
CUST_01128,2023-10-26,USA,50,F,Regular
CUST_01129,2023-09-30,USA,41,M,At-Risk
CUST_01130,2023-07-09,USA,29,F,At-Risk
CUST_01131,2024-06-12,UK,37,M,At-Risk
CUST_01132,2023-12-28,Brazil,35,F,New
CUST_01133,2023-03-01,Germany,43,M,Regular
CUST_01134,2023-06-10,USA,23,M,New
CUST_01135,2024-05-13,USA,37,F,New
CUST_01136,2023-02-25,USA,42,M,At-Risk
CUST_01137,2024-09-13,UK,38,F,New
CUST_01138,2023-12-28,Australia,54,F,Regular
CUST_01139,2023-12-17,France,47,F,Regular
CUST_01140,2024-03-08,Brazil,37,F,VIP
CUST_01141,2024-08-25,UK,40,M,New
CUST_01142,2023-09-11,UK,41,F,New
CUST_01143,2024-05-09,USA,42,M,Regular
CUST_01144,2024-02-17,Canada,18,M,New
CUST_01145,2023-07-14,Brazil,34,M,At-Risk
CUST_01146,2024-10-03,USA,20,F,VIP
CUST_01147,2024-08-05,Germany,53,F,Regular
CUST_01148,2024-04-25,UK,37,F,At-Risk
CUST_01149,2024-09-12,France,35,F,New
CUST_01150,2024-09-25,Australia,48,F,VIP
CUST_01151,2024-06-01,Germany,43,F,New
CUST_01152,2024-09-03,Germany,24,M,VIP
CUST_01153,2024-05-24,USA,37,F,Regular
CUST_01154,2024-05-11,USA,33,F,New
CUST_01155,2024-03-27,USA,18,M,New
CUST_01156,2024-07-03,USA,29,F,Regular
CUST_01157,2023-04-26,Brazil,35,M,Regular
CUST_01158,2024-10-05,Brazil,36,F,New
CUST_01159,2024-09-28,USA,20,F,Regular
CUST_01160,2023-01-22,Canada,51,F,Regular
CUST_01161,2024-08-25,USA,36,F,Regular
CUST_01162,2023-04-05,USA,38,F,VIP
CUST_01163,2023-09-02,USA,42,F,New
CUST_01164,2024-06-26,UK,28,M,Regular
CUST_01165,2023-04-28,USA,43,M,At-Risk
CUST_01166,2024-08-20,UK,33,F,Regular
CUST_01167,2024-08-30,UK,27,F,Regular
CUST_01168,2024-01-06,Japan,44,F,Regular
CUST_01169,2023-01-05,USA,55,M,New
CUST_01170,2023-07-29,USA,46,F,Regular
CUST_01171,2024-03-26,USA,49,F,At-Risk
CUST_01172,2024-12-17,France,31,M,New
CUST_01173,2024-04-06,USA,18,F,At-Risk
CUST_01174,2023-07-09,Canada,55,F,New
CUST_01175,2024-04-07,Germany,62,F,Regular
CUST_01176,2024-01-30,Germany,56,Other,At-Risk
CUST_01177,2024-07-23,Germany,33,M,VIP
CUST_01178,2023-03-20,USA,24,F,At-Risk
CUST_01179,2024-07-09,USA,25,F,At-Risk
CUST_01180,2024-01-31,USA,18,F,Regular
CUST_01181,2024-12-03,Germany,36,F,Regular
CUST_01182,2023-09-07,USA,57,F,New
CUST_01183,2024-04-06,USA,36,M,New
CUST_01184,2024-11-11,Japan,41,M,Regular
CUST_01185,2023-03-16,USA,54,M,Regular
CUST_01186,2024-11-15,Brazil,33,F,Regular
CUST_01187,2024-05-17,Brazil,62,F,VIP
CUST_01188,2023-02-19,USA,61,M,Regular
CUST_01189,2023-08-08,USA,36,M,New
CUST_01190,2024-05-31,USA,31,M,Regular
CUST_01191,2023-02-19,France,46,F,Regular
CUST_01192,2024-02-29,France,33,F,Regular
CUST_01193,2023-09-10,Brazil,24,F,VIP
CUST_01194,2024-03-29,Australia,53,F,Regular
CUST_01195,2023-02-03,France,52,F,At-Risk
CUST_01196,2024-09-28,USA,39,M,Regular
CUST_01197,2024-12-11,USA,22,F,Regular
CUST_01198,2024-12-08,Canada,23,F,VIP
CUST_01199,2024-07-01,USA,39,F,New
CUST_01200,2023-04-05,USA,32,F,New
CUST_01201,2024-07-07,France,33,F,New
CUST_01202,2023-01-18,UK,50,F,Regular
CUST_01203,2023-01-17,Australia,46,F,New
CUST_01204,2023-08-25,France,54,Other,At-Risk
CUST_01205,2023-12-23,USA,26,F,Regular
CUST_01206,2024-07-16,Australia,33,M,Regular
CUST_01207,2024-05-13,USA,47,M,New
CUST_01208,2023-11-22,USA,43,F,New
CUST_01209,2023-07-19,UK,56,M,New
CUST_01210,2024-12-28,USA,43,M,Regular
CUST_01211,2023-11-08,UK,60,M,Regular
CUST_01212,2023-11-26,USA,44,F,Regular
CUST_01213,2023-04-30,UK,50,F,Regular
CUST_01214,2024-08-03,UK,34,M,VIP
CUST_01215,2024-05-21,Brazil,38,M,New
CUST_01216,2023-06-11,Brazil,48,F,VIP
CUST_01217,2023-03-02,USA,57,M,Regular
CUST_01218,2024-05-11,UK,46,M,Regular
CUST_01219,2024-04-22,UK,37,F,New
CUST_01220,2023-07-19,USA,54,F,Regular
CUST_01221,2024-11-25,Brazil,18,M,New
CUST_01222,2023-04-21,France,20,F,At-Risk
CUST_01223,2023-11-12,USA,46,M,Regular
CUST_01224,2024-11-19,UK,38,F,At-Risk
CUST_01225,2023-11-03,USA,45,M,Regular
CUST_01226,2024-04-11,France,38,M,New
CUST_01227,2023-10-18,USA,44,F,Regular
CUST_01228,2023-07-20,Japan,28,F,New
CUST_01229,2024-12-19,Brazil,44,M,At-Risk
CUST_01230,2023-10-26,UK,49,M,VIP
CUST_01231,2024-10-14,Germany,52,F,Regular
CUST_01232,2023-06-17,Australia,62,F,Regular
CUST_01233,2023-06-05,Germany,40,M,Regular
CUST_01234,2023-01-23,USA,41,F,At-Risk
CUST_01235,2024-04-20,UK,19,M,New
CUST_01236,2023-09-27,Canada,31,F,VIP
CUST_01237,2024-09-22,France,35,M,Regular
CUST_01238,2023-12-12,France,50,M,At-Risk
CUST_01239,2024-12-07,Canada,30,M,VIP
CUST_01240,2023-05-16,Canada,47,M,At-Risk
CUST_01241,2024-09-26,Australia,37,M,Regular
CUST_01242,2024-07-20,USA,35,M,New
CUST_01243,2024-07-16,Germany,40,M,Regular
CUST_01244,2024-09-08,Brazil,33,M,Regular
CUST_01245,2024-07-09,Brazil,32,F,VIP
CUST_01246,2024-04-02,Germany,18,M,New
CUST_01247,2023-04-06,USA,35,F,Regular
CUST_01248,2023-01-24,Brazil,32,M,New
CUST_01249,2024-11-03,Brazil,31,M,At-Risk
CUST_01250,2024-03-26,USA,43,F,New
CUST_01251,2024-08-04,UK,45,F,Regular
CUST_01252,2023-12-18,USA,40,M,New
CUST_01253,2023-03-27,USA,49,M,New
CUST_01254,2023-04-02,USA,44,F,At-Risk
CUST_01255,2024-05-15,UK,34,F,New
CUST_01256,2023-11-11,Germany,32,Other,New
CUST_01257,2023-05-27,Germany,41,F,New
CUST_01258,2023-12-25,France,44,M,Regular
CUST_01259,2023-02-16,Canada,54,F,Regular
CUST_01260,2024-02-29,USA,52,F,New
CUST_01261,2023-07-16,USA,31,F,Regular
CUST_01262,2024-08-05,Canada,36,F,New
CUST_01263,2023-08-15,USA,46,F,At-Risk
CUST_01264,2023-11-29,Japan,50,F,VIP
CUST_01265,2023-01-09,Canada,49,M,At-Risk
CUST_01266,2023-02-22,Germany,37,F,At-Risk
CUST_01267,2023-10-14,Japan,22,M,New
CUST_01268,2023-12-17,USA,26,M,New
CUST_01269,2024-03-14,USA,41,M,Regular
CUST_01270,2023-08-01,France,42,M,New
CUST_01271,2024-05-22,UK,24,F,New
CUST_01272,2024-09-19,Australia,38,F,New
CUST_01273,2024-07-23,USA,45,M,Regular
CUST_01274,2023-01-29,Germany,24,F,Regular
CUST_01275,2023-12-17,Germany,51,M,New
CUST_01276,2023-03-18,France,33,M,New
CUST_01277,2023-06-26,USA,53,F,Regular
CUST_01278,2024-12-21,UK,31,F,New
CUST_01279,2023-04-15,Canada,25,M,At-Risk
CUST_01280,2023-12-31,USA,32,F,New
CUST_01281,2024-03-27,Canada,36,M,Regular
CUST_01282,2024-05-27,Germany,33,Other,Regular
CUST_01283,2024-02-13,Brazil,35,M,New
CUST_01284,2023-01-08,France,42,M,Regular
CUST_01285,2023-08-27,USA,35,F,Regular
CUST_01286,2024-01-13,Germany,37,F,At-Risk
CUST_01287,2023-03-06,Canada,18,M,Regular
CUST_01288,2023-09-13,UK,42,F,New
CUST_01289,2023-01-25,Japan,36,M,New
CUST_01290,2023-02-27,UK,57,F,New
CUST_01291,2023-10-17,USA,26,M,New
CUST_01292,2023-04-07,UK,18,F,Regular
CUST_01293,2024-02-19,Australia,45,F,At-Risk
CUST_01294,2024-05-18,USA,42,M,Regular
CUST_01295,2024-08-07,Canada,25,Other,Regular
CUST_01296,2023-05-27,Canada,19,Other,Regular
CUST_01297,2023-05-03,UK,56,F,VIP
CUST_01298,2023-03-18,USA,54,M,New
CUST_01299,2024-04-09,Brazil,18,F,VIP
CUST_01300,2024-05-30,USA,32,F,At-Risk
CUST_01301,2023-01-24,Brazil,57,F,New
CUST_01302,2024-11-14,UK,32,F,New
CUST_01303,2023-02-07,UK,32,M,At-Risk
CUST_01304,2024-01-31,Brazil,34,F,VIP
CUST_01305,2024-06-01,UK,24,F,New
CUST_01306,2024-09-27,UK,18,M,Regular
CUST_01307,2024-06-05,UK,50,F,Regular
CUST_01308,2024-08-08,UK,18,F,Regular
CUST_01309,2023-09-05,Germany,40,F,New
CUST_01310,2024-08-17,Brazil,48,M,New
CUST_01311,2023-02-28,UK,20,F,Regular
CUST_01312,2024-10-15,Germany,26,M,VIP
CUST_01313,2024-02-04,France,52,F,At-Risk
CUST_01314,2024-08-19,USA,44,F,New
CUST_01315,2023-11-27,USA,30,F,VIP
CUST_01316,2024-04-14,Australia,52,M,New
CUST_01317,2024-01-20,Brazil,52,F,Regular
CUST_01318,2024-06-18,Germany,41,F,At-Risk
CUST_01319,2023-03-01,France,27,M,Regular
CUST_01320,2023-02-14,USA,33,F,New
CUST_01321,2023-06-30,Germany,41,F,New
CUST_01322,2023-04-27,Germany,35,F,Regular
CUST_01323,2024-09-28,Germany,49,M,VIP
CUST_01324,2023-06-10,UK,19,M,At-Risk
CUST_01325,2024-12-13,USA,20,F,VIP
CUST_01326,2023-09-03,USA,40,M,At-Risk
CUST_01327,2023-05-13,Australia,32,M,Regular
CUST_01328,2024-07-30,UK,30,F,At-Risk
CUST_01329,2024-04-25,UK,18,M,New
CUST_01330,2023-12-30,USA,38,F,At-Risk
CUST_01331,2024-02-10,USA,37,F,New
CUST_01332,2024-06-09,France,45,F,At-Risk
CUST_01333,2023-06-16,Germany,38,F,New
CUST_01334,2024-12-28,Germany,36,M,Regular
CUST_01335,2024-12-12,USA,52,M,Regular
CUST_01336,2024-04-19,Brazil,22,F,At-Risk
CUST_01337,2023-05-26,USA,44,M,VIP
CUST_01338,2024-05-11,USA,18,Other,New
CUST_01339,2023-02-22,UK,27,F,Regular
CUST_01340,2023-01-23,USA,23,M,New
CUST_01341,2023-07-08,USA,47,F,New
CUST_01342,2023-12-04,France,37,M,New
CUST_01343,2024-09-25,France,37,M,New
CUST_01344,2024-06-14,Canada,24,F,Regular
CUST_01345,2024-06-26,UK,34,F,At-Risk
CUST_01346,2023-11-07,USA,28,F,At-Risk
CUST_01347,2023-09-10,USA,42,M,New
CUST_01348,2023-09-28,Japan,26,M,New
CUST_01349,2024-12-21,Germany,53,M,New
CUST_01350,2023-01-30,France,18,M,New
CUST_01351,2024-09-24,USA,28,M,New
CUST_01352,2024-02-27,Germany,58,F,New
CUST_01353,2023-11-17,USA,32,F,Regular
CUST_01354,2024-06-13,Germany,22,M,Regular
CUST_01355,2023-12-22,Australia,40,M,Regular
CUST_01356,2024-09-29,Japan,32,F,New
CUST_01357,2024-10-19,Germany,27,F,Regular
CUST_01358,2023-11-04,UK,24,F,VIP
CUST_01359,2023-07-22,Australia,71,M,New
CUST_01360,2024-03-08,France,34,M,New
CUST_01361,2024-10-28,USA,18,F,New
CUST_01362,2023-06-03,UK,55,F,New
CUST_01363,2024-03-30,USA,45,F,Regular
CUST_01364,2024-04-06,UK,28,F,New
CUST_01365,2024-06-19,UK,26,M,Regular
CUST_01366,2023-04-07,Germany,46,M,New
CUST_01367,2024-06-06,UK,35,F,Regular
CUST_01368,2024-10-25,USA,18,M,New
CUST_01369,2023-05-12,Germany,59,F,Regular
CUST_01370,2023-06-23,Canada,32,M,New
CUST_01371,2024-12-10,France,55,M,New
CUST_01372,2023-05-13,USA,53,M,At-Risk
CUST_01373,2024-09-15,Australia,25,M,Regular
CUST_01374,2023-12-26,Australia,50,M,New
CUST_01375,2023-06-30,USA,30,F,Regular
CUST_01376,2024-09-27,USA,18,F,Regular
CUST_01377,2023-11-22,Brazil,32,M,Regular
CUST_01378,2024-01-11,Canada,42,M,Regular
CUST_01379,2023-09-20,Japan,32,Other,At-Risk
CUST_01380,2024-03-08,Canada,34,M,New
CUST_01381,2023-04-30,Germany,51,M,New
CUST_01382,2023-10-13,Germany,39,M,New
CUST_01383,2024-12-08,USA,27,F,VIP
CUST_01384,2023-07-08,USA,46,M,At-Risk
CUST_01385,2024-04-24,UK,40,F,VIP
CUST_01386,2023-08-26,France,18,M,VIP
CUST_01387,2024-07-18,Germany,43,M,At-Risk
CUST_01388,2023-04-06,Brazil,42,M,Regular
CUST_01389,2024-12-08,USA,38,F,VIP
CUST_01390,2023-11-28,Germany,48,F,At-Risk
CUST_01391,2023-06-22,USA,29,M,New
CUST_01392,2023-02-23,UK,42,M,Regular
CUST_01393,2023-05-04,Brazil,19,F,Regular
CUST_01394,2024-01-15,France,42,F,At-Risk
CUST_01395,2023-09-04,Japan,61,M,At-Risk
CUST_01396,2024-08-28,USA,26,F,VIP
CUST_01397,2023-11-11,UK,28,M,At-Risk
CUST_01398,2023-07-01,USA,29,M,Regular
CUST_01399,2024-03-26,UK,39,M,New
CUST_01400,2024-05-30,Canada,25,F,New
CUST_01401,2023-05-02,France,43,M,Regular
CUST_01402,2023-05-03,Canada,48,F,Regular
CUST_01403,2023-01-27,USA,44,F,Regular
CUST_01404,2024-06-21,Canada,18,F,Regular
CUST_01405,2024-04-29,USA,49,M,At-Risk
CUST_01406,2023-12-13,Canada,49,M,New
CUST_01407,2024-09-08,USA,47,Other,At-Risk
CUST_01408,2024-08-11,USA,42,F,At-Risk
CUST_01409,2024-03-03,Germany,40,F,Regular
CUST_01410,2024-09-25,Australia,50,M,Regular
CUST_01411,2023-05-31,USA,61,M,VIP
CUST_01412,2023-03-23,UK,26,F,Regular
CUST_01413,2023-07-16,Canada,50,M,New
CUST_01414,2023-02-11,UK,36,F,New
CUST_01415,2024-01-23,USA,36,M,New
CUST_01416,2024-11-14,UK,19,M,New
CUST_01417,2023-01-29,UK,34,M,New
CUST_01418,2023-03-31,Australia,26,M,New
CUST_01419,2023-11-27,Brazil,32,M,Regular
CUST_01420,2024-11-12,Germany,24,F,At-Risk
CUST_01421,2023-08-19,Japan,32,M,Regular
CUST_01422,2024-01-06,UK,33,M,At-Risk
CUST_01423,2023-01-31,USA,39,F,VIP
CUST_01424,2023-04-19,USA,18,M,Regular
CUST_01425,2024-12-21,UK,20,M,Regular
CUST_01426,2024-12-05,USA,42,F,New
CUST_01427,2023-01-04,Australia,28,F,VIP
CUST_01428,2024-11-25,Brazil,50,M,At-Risk
CUST_01429,2024-04-11,USA,40,M,Regular
CUST_01430,2024-09-25,Germany,45,F,New
CUST_01431,2023-11-28,Brazil,54,M,VIP
CUST_01432,2024-01-12,Australia,34,F,New
CUST_01433,2023-12-23,Canada,31,Other,New
CUST_01434,2024-05-01,Germany,48,F,VIP
CUST_01435,2023-04-12,Brazil,44,M,Regular
CUST_01436,2023-01-22,Germany,35,M,Regular
CUST_01437,2023-08-13,Germany,54,F,At-Risk
CUST_01438,2024-05-29,USA,35,M,Regular
CUST_01439,2023-05-28,USA,38,M,Regular
CUST_01440,2024-05-06,Germany,38,F,New
CUST_01441,2024-12-09,USA,26,M,New
CUST_01442,2023-03-10,USA,38,M,VIP
CUST_01443,2024-05-05,Brazil,54,F,Regular
CUST_01444,2023-11-20,USA,43,M,New
CUST_01445,2024-09-25,Germany,38,M,New
CUST_01446,2023-05-10,Germany,36,M,Regular
CUST_01447,2024-05-20,Japan,41,F,Regular
CUST_01448,2024-09-03,UK,46,M,Regular
CUST_01449,2024-11-20,USA,45,M,Regular
CUST_01450,2024-05-13,Germany,34,F,New
CUST_01451,2023-12-29,Canada,41,F,Regular
CUST_01452,2024-03-27,Japan,43,M,At-Risk
CUST_01453,2024-09-26,UK,25,F,New
CUST_01454,2024-02-21,USA,40,M,Regular
CUST_01455,2023-01-23,Australia,18,F,Regular
CUST_01456,2024-11-10,USA,43,M,Regular
CUST_01457,2024-05-18,Germany,45,M,New
CUST_01458,2024-05-08,UK,46,F,At-Risk
CUST_01459,2023-06-07,USA,33,M,Regular
CUST_01460,2024-04-25,USA,41,M,VIP
CUST_01461,2023-10-15,USA,55,M,New
CUST_01462,2024-04-20,France,54,F,Regular
CUST_01463,2023-03-19,Australia,37,M,VIP
CUST_01464,2024-04-25,USA,39,M,New
CUST_01465,2024-12-30,Brazil,51,M,New
CUST_01466,2023-02-05,USA,19,M,Regular
CUST_01467,2024-12-14,Germany,34,M,New
CUST_01468,2023-10-25,USA,54,M,Regular
CUST_01469,2024-09-27,Australia,49,M,New
CUST_01470,2024-07-25,Brazil,42,M,New
CUST_01471,2024-02-18,France,19,F,Regular
CUST_01472,2024-06-23,Canada,37,F,New
CUST_01473,2024-10-03,France,30,F,At-Risk
CUST_01474,2023-10-23,Japan,41,M,At-Risk
CUST_01475,2023-08-27,France,28,F,Regular
CUST_01476,2024-05-02,Australia,25,M,VIP
CUST_01477,2024-08-12,Germany,18,Other,At-Risk
CUST_01478,2024-07-10,USA,52,M,New
CUST_01479,2024-08-05,Germany,33,M,VIP
CUST_01480,2023-11-14,USA,39,M,New
CUST_01481,2024-08-20,Germany,37,M,Regular
CUST_01482,2023-03-29,UK,25,F,Regular
CUST_01483,2024-02-02,France,22,F,Regular
CUST_01484,2023-01-05,USA,25,Other,New
CUST_01485,2023-08-25,USA,29,F,New
CUST_01486,2023-09-25,UK,42,M,Regular
CUST_01487,2023-10-17,Australia,28,M,New
CUST_01488,2024-05-22,UK,58,Other,VIP
CUST_01489,2023-10-11,UK,50,F,Regular
CUST_01490,2023-11-24,France,47,F,New
CUST_01491,2023-06-23,Germany,36,M,New
CUST_01492,2023-09-30,USA,56,F,Regular
CUST_01493,2023-06-15,UK,35,F,Regular
CUST_01494,2023-02-23,USA,37,M,New
CUST_01495,2024-03-16,Japan,40,M,New
CUST_01496,2024-05-02,USA,46,M,New
CUST_01497,2024-03-28,UK,45,F,New
CUST_01498,2023-12-05,USA,32,M,Regular
CUST_01499,2023-10-05,USA,31,M,VIP
CUST_01500,2024-09-22,Brazil,45,M,Regular
CUST_01501,2024-01-14,USA,46,F,VIP
CUST_01502,2023-12-16,USA,33,M,New
CUST_01503,2023-01-19,UK,18,M,Regular
CUST_01504,2023-09-07,USA,35,F,Regular
CUST_01505,2023-10-05,USA,45,F,Regular
CUST_01506,2023-10-19,Brazil,59,M,Regular
CUST_01507,2024-02-28,Brazil,23,F,Regular
CUST_01508,2024-01-25,Australia,32,F,Regular
CUST_01509,2024-03-19,Canada,33,M,New
CUST_01510,2024-07-12,France,54,M,Regular
CUST_01511,2024-08-16,USA,37,F,Regular
CUST_01512,2024-06-08,Brazil,27,M,At-Risk
CUST_01513,2024-11-28,Canada,44,M,Regular
CUST_01514,2023-01-14,Brazil,33,F,Regular
CUST_01515,2023-05-23,Germany,23,F,Regular
CUST_01516,2023-01-06,USA,27,F,At-Risk
CUST_01517,2024-04-17,Canada,58,M,At-Risk
CUST_01518,2024-10-17,Brazil,42,F,VIP
CUST_01519,2023-06-27,Japan,39,M,Regular
CUST_01520,2024-11-07,USA,35,F,New
CUST_01521,2023-02-13,USA,41,F,Regular
CUST_01522,2024-11-13,USA,41,F,Regular
CUST_01523,2023-09-14,Brazil,41,M,VIP
CUST_01524,2023-03-16,USA,39,F,New
CUST_01525,2023-12-21,USA,48,F,Regular
CUST_01526,2023-07-07,Japan,38,F,New
CUST_01527,2023-07-27,USA,26,M,VIP
CUST_01528,2023-08-13,Canada,30,F,New
CUST_01529,2024-08-09,UK,18,M,Regular
CUST_01530,2024-01-29,Canada,62,F,New
CUST_01531,2023-08-16,Germany,48,F,New
CUST_01532,2024-03-21,Australia,28,M,Regular
CUST_01533,2024-06-06,Australia,34,M,New
CUST_01534,2023-07-19,USA,30,M,Regular
CUST_01535,2023-10-29,USA,56,F,At-Risk
CUST_01536,2023-03-30,USA,20,M,At-Risk
CUST_01537,2023-05-13,France,39,M,New
CUST_01538,2024-05-12,Canada,36,F,VIP
CUST_01539,2023-05-13,UK,47,M,New
CUST_01540,2024-01-19,Germany,36,M,At-Risk
CUST_01541,2024-06-01,USA,18,F,VIP
CUST_01542,2023-03-20,Brazil,34,M,New
CUST_01543,2024-02-19,Japan,26,M,Regular
CUST_01544,2023-07-07,USA,38,M,New
CUST_01545,2024-12-03,UK,55,F,VIP
CUST_01546,2023-12-19,USA,18,F,Regular
CUST_01547,2024-08-11,Germany,28,M,Regular
CUST_01548,2024-02-06,Germany,31,M,Regular
CUST_01549,2023-02-01,USA,33,M,At-Risk
CUST_01550,2024-04-07,UK,46,F,At-Risk
CUST_01551,2024-11-25,USA,35,M,Regular
CUST_01552,2024-03-15,Germany,42,F,Regular
CUST_01553,2024-08-21,Germany,30,M,VIP
CUST_01554,2024-10-07,USA,40,F,At-Risk
CUST_01555,2023-06-16,Brazil,47,F,New
CUST_01556,2023-06-04,France,29,F,New
CUST_01557,2024-03-22,UK,47,M,New
CUST_01558,2023-10-28,USA,38,F,Regular
CUST_01559,2024-09-05,Brazil,50,M,New
CUST_01560,2024-10-19,Australia,35,M,Regular
CUST_01561,2023-09-15,USA,42,M,Regular
CUST_01562,2023-06-22,USA,37,F,Regular
CUST_01563,2024-07-23,USA,36,F,Regular
CUST_01564,2023-07-20,Germany,41,F,New
CUST_01565,2024-08-23,USA,44,F,At-Risk
CUST_01566,2023-11-06,UK,23,M,At-Risk
CUST_01567,2024-05-02,France,55,F,Regular
CUST_01568,2023-03-11,Germany,18,F,At-Risk
CUST_01569,2024-03-31,UK,29,F,New
CUST_01570,2023-11-26,UK,36,M,VIP
CUST_01571,2024-03-04,Germany,42,F,New
CUST_01572,2023-05-03,USA,56,F,Regular
CUST_01573,2024-06-21,USA,18,F,New
CUST_01574,2024-09-21,Canada,31,M,Regular
CUST_01575,2023-06-08,USA,18,F,New
CUST_01576,2023-03-11,France,38,F,Regular
CUST_01577,2023-01-18,Australia,41,M,New
CUST_01578,2024-04-13,USA,57,M,At-Risk
CUST_01579,2024-03-19,UK,39,M,Regular
CUST_01580,2024-02-04,Germany,50,F,New
CUST_01581,2023-06-19,Canada,45,M,New
CUST_01582,2023-10-13,Australia,32,M,VIP
CUST_01583,2024-03-09,Brazil,21,F,New
CUST_01584,2023-12-29,USA,41,F,Regular
CUST_01585,2024-12-22,France,20,M,Regular
CUST_01586,2023-04-10,UK,53,M,New
CUST_01587,2024-05-22,UK,36,F,New
CUST_01588,2023-10-23,USA,52,F,Regular
CUST_01589,2023-11-09,USA,32,M,New
CUST_01590,2024-06-07,Brazil,41,F,New
CUST_01591,2024-05-20,UK,40,M,New
CUST_01592,2024-12-24,USA,37,F,New
CUST_01593,2023-04-04,UK,32,M,New
CUST_01594,2023-03-18,Canada,42,M,At-Risk
CUST_01595,2024-06-12,Brazil,26,M,Regular
CUST_01596,2024-02-27,USA,23,M,VIP
CUST_01597,2023-07-20,USA,52,F,New
CUST_01598,2023-02-27,USA,46,F,New
CUST_01599,2023-03-04,Australia,38,F,VIP
CUST_01600,2024-10-14,Germany,57,M,Regular
CUST_01601,2023-05-21,Germany,34,M,New
CUST_01602,2023-08-25,Germany,53,M,Regular
CUST_01603,2023-06-15,UK,40,M,Regular
CUST_01604,2023-09-17,Brazil,25,F,VIP
CUST_01605,2023-02-20,Germany,60,M,New
CUST_01606,2024-01-14,USA,49,F,Regular
CUST_01607,2023-02-19,USA,36,F,Regular
CUST_01608,2024-08-07,Germany,46,M,At-Risk
CUST_01609,2023-06-20,Australia,33,F,VIP
CUST_01610,2024-01-30,USA,47,M,New
CUST_01611,2024-10-04,Canada,18,M,Regular
CUST_01612,2024-04-20,Brazil,25,F,VIP
CUST_01613,2024-01-25,USA,49,M,Regular
CUST_01614,2023-08-25,USA,35,M,VIP
CUST_01615,2023-09-01,USA,40,F,At-Risk
CUST_01616,2024-05-03,Brazil,21,M,New
CUST_01617,2024-12-26,USA,60,F,New
CUST_01618,2024-04-28,UK,52,M,VIP
CUST_01619,2024-02-12,Germany,35,M,New
CUST_01620,2024-06-17,Brazil,33,F,New
CUST_01621,2023-12-06,USA,50,F,Regular
CUST_01622,2023-02-13,UK,61,M,VIP
CUST_01623,2024-02-15,UK,49,M,New
CUST_01624,2024-11-30,Germany,64,F,Regular
CUST_01625,2023-05-08,Brazil,26,M,New
CUST_01626,2024-05-18,USA,28,F,New
CUST_01627,2023-05-27,Brazil,23,F,New
CUST_01628,2024-01-27,France,43,F,New
CUST_01629,2023-03-12,Germany,40,F,VIP
CUST_01630,2023-11-25,France,36,F,At-Risk
CUST_01631,2024-07-05,UK,47,F,VIP
CUST_01632,2023-09-11,USA,52,F,New
CUST_01633,2024-04-30,France,19,F,Regular
CUST_01634,2024-08-03,Germany,30,M,New
CUST_01635,2024-11-07,France,47,M,New
CUST_01636,2023-06-21,USA,32,F,Regular
CUST_01637,2023-10-19,Australia,28,F,Regular
CUST_01638,2023-04-22,Germany,50,M,New
CUST_01639,2024-12-25,USA,22,M,New
CUST_01640,2024-11-07,UK,34,F,At-Risk
CUST_01641,2024-01-30,Brazil,41,F,Regular
CUST_01642,2024-09-06,Brazil,31,M,At-Risk
CUST_01643,2024-01-16,UK,47,F,At-Risk
CUST_01644,2024-03-31,Canada,31,Other,Regular
CUST_01645,2023-03-07,USA,54,F,New
CUST_01646,2024-07-05,UK,36,F,VIP
CUST_01647,2023-04-04,Canada,46,M,New
CUST_01648,2024-08-26,Canada,46,F,New
CUST_01649,2024-07-24,France,30,F,VIP
CUST_01650,2024-06-01,Canada,18,F,Regular
CUST_01651,2023-01-27,USA,42,M,New
CUST_01652,2023-08-10,Canada,38,M,Regular
CUST_01653,2023-07-12,USA,44,M,Regular
CUST_01654,2023-09-20,USA,35,M,New
CUST_01655,2023-03-05,USA,32,F,New
CUST_01656,2024-11-14,UK,62,F,New
CUST_01657,2024-02-09,USA,20,F,New
CUST_01658,2023-08-12,USA,46,F,VIP
CUST_01659,2023-10-17,USA,31,M,Regular
CUST_01660,2023-11-23,USA,33,F,Regular
CUST_01661,2024-03-14,Germany,34,F,New
CUST_01662,2024-01-12,UK,28,F,New
CUST_01663,2024-11-02,USA,44,F,New
CUST_01664,2023-12-29,Brazil,54,F,New
CUST_01665,2024-12-25,Canada,43,F,New
CUST_01666,2024-09-13,Brazil,39,M,Regular
CUST_01667,2023-06-02,USA,26,F,New
CUST_01668,2024-11-10,Brazil,44,F,VIP
CUST_01669,2023-03-26,USA,63,M,VIP
CUST_01670,2024-08-19,USA,33,F,Regular
CUST_01671,2023-10-05,USA,33,F,New
CUST_01672,2024-10-02,Brazil,31,F,At-Risk
CUST_01673,2024-09-25,USA,32,F,At-Risk
CUST_01674,2024-08-11,USA,18,F,New
CUST_01675,2024-07-30,USA,42,M,Regular
CUST_01676,2023-08-11,Canada,27,M,VIP
CUST_01677,2023-03-01,France,18,F,Regular
CUST_01678,2023-10-22,USA,47,F,New
CUST_01679,2023-05-07,Germany,25,F,Regular
CUST_01680,2024-05-22,Germany,33,M,Regular
CUST_01681,2023-09-10,France,55,M,Regular
CUST_01682,2024-12-13,USA,21,F,At-Risk
CUST_01683,2024-04-12,Canada,19,M,Regular
CUST_01684,2024-08-23,USA,41,F,New
CUST_01685,2023-04-07,France,51,F,Regular
CUST_01686,2024-09-21,USA,19,F,Regular
CUST_01687,2024-11-04,UK,42,M,New
CUST_01688,2023-12-22,UK,44,F,New
CUST_01689,2024-03-18,Germany,18,F,At-Risk
CUST_01690,2024-07-12,USA,47,M,Regular
CUST_01691,2023-05-08,Brazil,48,M,New
CUST_01692,2024-01-02,USA,34,M,New
CUST_01693,2023-10-19,France,53,M,Regular
CUST_01694,2023-04-17,Brazil,51,F,Regular
CUST_01695,2023-09-26,Germany,39,F,New
CUST_01696,2023-02-19,Brazil,32,Other,Regular
CUST_01697,2023-01-19,France,26,F,New
CUST_01698,2023-04-09,UK,37,F,New
CUST_01699,2024-12-04,Brazil,44,M,Regular
CUST_01700,2024-02-06,USA,34,F,New
CUST_01701,2024-12-06,Germany,18,F,At-Risk
CUST_01702,2023-11-12,Brazil,53,F,New
CUST_01703,2023-08-16,UK,40,F,Regular
CUST_01704,2024-01-05,USA,33,F,New
CUST_01705,2023-11-17,UK,48,F,New
CUST_01706,2023-03-19,Brazil,56,F,VIP
CUST_01707,2024-04-12,Australia,18,M,Regular
CUST_01708,2023-06-07,Germany,43,F,Regular
CUST_01709,2024-03-28,France,20,F,Regular
CUST_01710,2024-04-19,Australia,43,M,Regular
CUST_01711,2023-04-21,USA,39,M,VIP
CUST_01712,2023-02-14,USA,45,F,Regular
CUST_01713,2024-07-23,France,32,M,Regular
CUST_01714,2023-12-02,Canada,18,M,VIP
CUST_01715,2023-02-12,Canada,32,F,At-Risk
CUST_01716,2024-12-27,UK,42,F,New
CUST_01717,2023-02-12,USA,50,F,Regular
CUST_01718,2024-05-22,UK,23,M,New
CUST_01719,2024-12-19,USA,50,M,New
CUST_01720,2023-06-24,USA,30,M,Regular
CUST_01721,2023-04-14,Brazil,42,M,VIP
CUST_01722,2023-03-30,USA,31,M,Regular
CUST_01723,2023-08-10,Canada,40,Other,Regular
CUST_01724,2023-03-15,UK,48,F,New
CUST_01725,2024-05-20,Germany,23,M,Regular
CUST_01726,2023-02-15,USA,29,M,At-Risk
CUST_01727,2024-01-07,USA,40,F,New
CUST_01728,2024-12-28,USA,66,F,New
CUST_01729,2024-08-17,Japan,27,M,Regular
CUST_01730,2024-03-25,Brazil,62,F,Regular
CUST_01731,2023-08-12,UK,62,M,Regular
CUST_01732,2024-03-31,USA,36,M,Regular
CUST_01733,2024-01-20,Australia,34,M,Regular
CUST_01734,2023-11-08,USA,29,F,New
CUST_01735,2023-04-06,USA,37,M,VIP
CUST_01736,2024-10-09,Germany,21,M,New
CUST_01737,2023-11-25,Australia,37,M,New
CUST_01738,2023-05-23,USA,55,F,Regular
CUST_01739,2023-09-26,USA,30,M,VIP
CUST_01740,2023-10-30,Australia,35,M,VIP
CUST_01741,2024-08-27,USA,18,M,Regular
CUST_01742,2024-06-19,USA,42,M,New
CUST_01743,2024-07-15,Germany,41,F,New
CUST_01744,2023-01-09,Canada,38,M,New
CUST_01745,2023-10-31,UK,35,M,At-Risk
CUST_01746,2023-12-18,Japan,34,F,At-Risk
CUST_01747,2023-01-15,France,44,M,At-Risk
CUST_01748,2023-07-09,USA,37,M,New
CUST_01749,2024-07-09,Japan,41,M,Regular
CUST_01750,2023-04-11,UK,40,F,Regular
CUST_01751,2024-01-26,USA,51,F,Regular
CUST_01752,2023-06-07,Germany,46,F,Regular
CUST_01753,2023-01-09,USA,40,F,VIP
CUST_01754,2023-06-26,USA,56,Other,New
CUST_01755,2024-12-13,USA,43,F,New
CUST_01756,2024-08-08,UK,53,F,New
CUST_01757,2024-12-01,Canada,45,M,New
CUST_01758,2023-12-23,Germany,18,M,New
CUST_01759,2023-03-22,Japan,53,F,New
CUST_01760,2024-02-05,USA,39,Other,New
CUST_01761,2023-11-28,USA,37,M,Regular
CUST_01762,2024-09-08,USA,41,F,At-Risk
CUST_01763,2023-03-13,USA,33,F,VIP
CUST_01764,2023-12-23,USA,40,M,New
CUST_01765,2023-04-20,Brazil,30,M,New
CUST_01766,2023-08-26,Australia,53,F,New
CUST_01767,2024-06-22,Japan,36,M,At-Risk
CUST_01768,2023-12-14,USA,33,F,Regular
CUST_01769,2023-10-02,Canada,26,F,New
CUST_01770,2023-10-15,USA,41,F,VIP
CUST_01771,2023-12-02,USA,40,M,New
CUST_01772,2024-07-27,Canada,42,F,At-Risk
CUST_01773,2024-10-13,France,25,M,New
CUST_01774,2024-11-28,USA,18,M,New
CUST_01775,2024-07-28,UK,45,F,Regular
CUST_01776,2023-08-19,USA,55,M,At-Risk
CUST_01777,2024-05-17,Brazil,25,M,At-Risk
CUST_01778,2023-11-16,UK,57,M,Regular
CUST_01779,2023-07-05,Japan,41,F,New
CUST_01780,2024-09-05,USA,37,M,Regular
CUST_01781,2023-01-29,UK,33,F,At-Risk
CUST_01782,2024-10-20,UK,21,F,Regular
CUST_01783,2023-12-03,Germany,49,F,VIP
CUST_01784,2024-04-10,USA,28,F,Regular
CUST_01785,2024-04-26,Brazil,28,M,Regular
CUST_01786,2024-10-15,Canada,49,M,Regular
CUST_01787,2024-04-09,Australia,18,M,Regular
CUST_01788,2024-03-24,Brazil,19,M,At-Risk
CUST_01789,2023-02-18,Canada,37,F,Regular
CUST_01790,2024-01-14,Germany,41,M,Regular
CUST_01791,2023-04-20,Canada,43,M,New
CUST_01792,2024-06-22,USA,34,F,New
CUST_01793,2024-01-09,UK,68,F,At-Risk
CUST_01794,2024-05-11,USA,35,F,New
CUST_01795,2023-01-31,UK,35,F,VIP
CUST_01796,2023-03-03,USA,28,F,Regular
CUST_01797,2024-06-06,Japan,39,F,VIP
CUST_01798,2023-02-22,USA,45,M,At-Risk
CUST_01799,2023-02-22,USA,52,Other,Regular
CUST_01800,2023-01-09,Germany,20,F,At-Risk
CUST_01801,2024-11-29,USA,35,M,New
CUST_01802,2024-06-22,USA,43,M,Regular
CUST_01803,2023-09-15,USA,45,F,VIP
CUST_01804,2023-08-05,UK,38,F,New
CUST_01805,2023-09-13,UK,44,M,Regular
CUST_01806,2024-07-19,Brazil,28,M,VIP
CUST_01807,2024-04-27,Brazil,56,F,VIP
CUST_01808,2023-05-16,UK,49,F,New
CUST_01809,2023-05-08,USA,21,M,Regular
CUST_01810,2023-03-13,USA,25,M,New
CUST_01811,2024-04-27,Brazil,25,F,Regular
CUST_01812,2024-07-11,USA,46,M,Regular
CUST_01813,2023-07-13,USA,22,F,Regular
CUST_01814,2023-01-16,Brazil,34,M,Regular
CUST_01815,2023-03-01,UK,43,M,New
CUST_01816,2024-12-07,USA,37,M,New
CUST_01817,2023-08-04,USA,41,M,New
CUST_01818,2024-07-15,Australia,25,M,Regular
CUST_01819,2024-04-01,Canada,45,M,VIP
CUST_01820,2023-10-06,France,30,F,New
CUST_01821,2023-05-31,UK,34,M,New
CUST_01822,2023-03-30,Germany,40,F,Regular
CUST_01823,2024-03-24,Japan,39,M,Regular
CUST_01824,2024-07-19,Japan,38,F,New
CUST_01825,2024-04-15,USA,28,M,New
CUST_01826,2024-01-23,Brazil,34,M,New
CUST_01827,2023-01-31,USA,38,F,New
CUST_01828,2024-12-07,USA,21,F,New
CUST_01829,2024-08-06,France,32,F,New
CUST_01830,2023-08-02,UK,42,F,Regular
CUST_01831,2024-12-16,Australia,22,F,Regular
CUST_01832,2024-03-15,USA,51,M,New
CUST_01833,2024-03-01,Germany,53,F,Regular
CUST_01834,2024-06-30,Australia,23,F,Regular
CUST_01835,2024-08-15,Australia,54,Other,At-Risk
CUST_01836,2024-04-24,USA,36,F,New
CUST_01837,2023-04-04,UK,43,M,Regular
CUST_01838,2023-09-04,Germany,32,M,Regular
CUST_01839,2024-11-08,USA,49,F,New
CUST_01840,2023-06-13,Japan,42,F,At-Risk
CUST_01841,2023-09-29,Australia,28,F,Regular
CUST_01842,2023-11-12,USA,24,F,Regular
CUST_01843,2023-11-17,USA,20,M,New
CUST_01844,2024-03-23,USA,40,M,New
CUST_01845,2024-11-19,Australia,44,M,Regular
CUST_01846,2023-06-25,USA,45,F,New
CUST_01847,2023-03-30,UK,36,F,Regular
CUST_01848,2023-05-25,UK,24,M,New
CUST_01849,2024-10-09,Germany,29,F,Regular
CUST_01850,2024-04-16,USA,51,M,Regular
CUST_01851,2023-07-28,USA,32,M,New
CUST_01852,2024-08-18,Australia,39,F,Regular
CUST_01853,2024-09-20,Australia,25,M,Regular
CUST_01854,2024-09-09,Brazil,42,F,New
CUST_01855,2024-11-01,USA,32,F,New
CUST_01856,2023-07-04,USA,50,F,New
CUST_01857,2024-07-05,France,47,M,New
CUST_01858,2023-12-03,USA,32,F,At-Risk
CUST_01859,2024-09-06,Australia,36,F,Regular
CUST_01860,2024-06-15,France,31,F,New
CUST_01861,2024-07-20,USA,20,F,New
CUST_01862,2024-04-23,Australia,27,M,New
CUST_01863,2023-05-10,Australia,40,M,Regular
CUST_01864,2024-02-02,USA,41,F,New
CUST_01865,2024-12-19,Germany,39,F,Regular
CUST_01866,2024-11-15,USA,34,M,New
CUST_01867,2023-02-01,UK,49,M,VIP
CUST_01868,2023-05-01,USA,38,F,New
CUST_01869,2023-04-07,Germany,46,M,Regular
CUST_01870,2024-06-13,Australia,18,M,Regular
CUST_01871,2024-08-19,Germany,18,M,Regular
CUST_01872,2023-06-05,USA,41,M,VIP
CUST_01873,2024-01-05,France,20,F,Regular
CUST_01874,2024-09-05,USA,35,M,Regular
CUST_01875,2024-06-18,Canada,34,M,Regular
CUST_01876,2024-01-31,UK,57,M,At-Risk
CUST_01877,2024-03-06,USA,42,M,Regular
CUST_01878,2024-01-07,USA,39,F,At-Risk
CUST_01879,2023-08-06,Brazil,48,M,New
CUST_01880,2024-02-17,USA,42,F,Regular
CUST_01881,2024-05-17,Brazil,32,M,At-Risk
CUST_01882,2024-09-29,USA,50,M,New
CUST_01883,2024-04-09,USA,24,M,At-Risk
CUST_01884,2024-07-09,UK,41,M,New
CUST_01885,2023-04-27,Australia,19,F,At-Risk
CUST_01886,2023-12-03,Australia,40,M,Regular
CUST_01887,2023-01-07,USA,40,F,New
CUST_01888,2023-06-30,UK,58,M,At-Risk
CUST_01889,2024-06-14,USA,19,M,New
CUST_01890,2024-12-25,Germany,30,M,New
CUST_01891,2023-03-14,UK,47,F,New
CUST_01892,2023-10-21,Australia,42,M,Regular
CUST_01893,2024-08-07,Australia,40,M,At-Risk
CUST_01894,2023-05-29,UK,26,M,New
CUST_01895,2024-02-10,UK,30,M,Regular
CUST_01896,2024-06-19,Canada,52,F,New
CUST_01897,2024-03-25,Brazil,37,F,Regular
CUST_01898,2023-05-18,USA,42,F,New
CUST_01899,2023-09-17,USA,36,F,New
CUST_01900,2024-07-26,UK,23,F,New
CUST_01901,2024-02-09,USA,49,M,Regular
CUST_01902,2023-01-04,USA,44,F,At-Risk
CUST_01903,2024-07-09,USA,65,M,Regular
CUST_01904,2023-01-26,France,25,M,New
CUST_01905,2024-06-28,USA,47,F,Regular
CUST_01906,2023-05-28,USA,22,F,VIP
CUST_01907,2024-11-30,USA,39,F,New
CUST_01908,2023-09-26,Brazil,49,F,New
CUST_01909,2023-08-27,Canada,18,M,New
CUST_01910,2023-04-19,UK,35,M,Regular
CUST_01911,2023-08-12,UK,31,M,Regular
CUST_01912,2024-10-01,Japan,29,F,Regular
CUST_01913,2024-12-28,USA,42,F,New
CUST_01914,2023-09-26,USA,51,M,New
CUST_01915,2023-11-24,USA,36,M,At-Risk
CUST_01916,2024-06-11,USA,40,M,New
CUST_01917,2024-10-08,UK,39,F,At-Risk
CUST_01918,2024-03-08,Australia,38,F,Regular
CUST_01919,2023-10-13,Germany,24,M,New
CUST_01920,2023-10-29,UK,51,Other,Regular
CUST_01921,2024-05-22,Australia,41,F,At-Risk
CUST_01922,2023-01-03,USA,42,M,Regular
CUST_01923,2024-03-28,USA,28,F,At-Risk
CUST_01924,2023-09-17,Germany,32,M,New
CUST_01925,2024-08-02,Germany,35,M,Regular
CUST_01926,2023-03-09,USA,19,M,VIP
CUST_01927,2024-03-05,UK,18,F,At-Risk
CUST_01928,2023-12-18,France,30,F,Regular
CUST_01929,2024-04-13,France,44,M,Regular
CUST_01930,2023-02-17,France,30,F,New
CUST_01931,2024-02-28,USA,25,M,New
CUST_01932,2024-02-14,USA,28,F,New
CUST_01933,2024-02-14,UK,32,F,New
CUST_01934,2024-03-16,USA,33,M,New
CUST_01935,2024-05-08,Australia,63,M,New
CUST_01936,2024-08-10,UK,50,F,At-Risk
CUST_01937,2023-07-16,USA,50,M,Regular
CUST_01938,2024-08-25,Brazil,52,F,Regular
CUST_01939,2023-12-30,UK,26,F,At-Risk
CUST_01940,2023-02-26,USA,23,F,New
CUST_01941,2023-02-12,Brazil,24,M,Regular
CUST_01942,2023-09-01,Canada,54,M,Regular
CUST_01943,2024-07-26,France,31,M,New
CUST_01944,2024-05-31,USA,22,F,Regular
CUST_01945,2024-07-29,Germany,32,M,New
CUST_01946,2024-01-13,Brazil,35,M,New
CUST_01947,2023-11-18,USA,41,F,New
CUST_01948,2023-04-18,USA,41,F,At-Risk
CUST_01949,2023-08-28,Canada,28,M,Regular
CUST_01950,2023-11-13,USA,46,Other,Regular
CUST_01951,2023-03-06,Brazil,30,F,Regular
CUST_01952,2023-06-11,UK,36,M,New
CUST_01953,2024-03-12,UK,46,M,Regular
CUST_01954,2024-06-21,USA,30,F,Regular
CUST_01955,2024-12-29,Brazil,31,F,New
CUST_01956,2024-11-12,UK,45,M,Regular
CUST_01957,2024-04-14,Germany,27,M,New
CUST_01958,2023-11-04,France,33,M,New
CUST_01959,2024-04-09,France,44,F,VIP
CUST_01960,2024-07-27,Australia,62,M,Regular
CUST_01961,2023-03-28,Germany,45,M,Regular
CUST_01962,2023-10-27,UK,43,F,Regular
CUST_01963,2024-09-05,Australia,44,F,New
CUST_01964,2023-10-08,France,25,F,Regular
CUST_01965,2024-02-22,USA,39,M,Regular
CUST_01966,2024-03-05,USA,37,M,Regular
CUST_01967,2023-05-15,Canada,41,M,At-Risk
CUST_01968,2023-09-22,UK,39,F,At-Risk
CUST_01969,2023-09-02,France,42,F,Regular
CUST_01970,2023-01-20,UK,34,M,VIP
CUST_01971,2023-01-18,USA,38,M,Regular
CUST_01972,2024-08-30,Germany,23,F,Regular
CUST_01973,2023-07-19,USA,34,F,New
CUST_01974,2024-01-14,UK,54,M,Regular
CUST_01975,2023-08-07,Germany,41,F,At-Risk
CUST_01976,2024-11-17,UK,37,F,VIP
CUST_01977,2023-07-09,Brazil,60,F,VIP
CUST_01978,2023-11-10,Canada,21,F,New
CUST_01979,2024-09-29,Brazil,24,F,New
CUST_01980,2024-09-06,USA,58,F,New
CUST_01981,2023-05-16,USA,38,F,New
CUST_01982,2024-08-08,Germany,35,M,Regular
CUST_01983,2023-12-01,Australia,23,M,New
CUST_01984,2023-12-19,Canada,43,F,Regular
CUST_01985,2023-04-08,Canada,44,F,Regular
CUST_01986,2023-02-28,USA,24,F,New
CUST_01987,2024-06-15,UK,36,M,New
CUST_01988,2023-12-29,UK,33,F,At-Risk
CUST_01989,2023-11-15,USA,41,M,New
CUST_01990,2024-06-16,USA,24,F,New
CUST_01991,2024-07-12,Australia,53,M,VIP
CUST_01992,2023-04-27,USA,48,M,At-Risk
CUST_01993,2024-03-21,USA,33,M,Regular
CUST_01994,2023-04-09,USA,35,F,New
CUST_01995,2024-07-02,Australia,36,M,New
CUST_01996,2024-04-24,Germany,28,M,At-Risk
CUST_01997,2024-11-29,France,32,M,VIP
CUST_01998,2023-02-20,Australia,34,M,Regular
CUST_01999,2023-02-11,USA,57,F,New
CUST_02000,2023-07-25,France,49,M,New
CUST_02001,2023-07-11,USA,49,M,New
CUST_02002,2023-06-30,USA,42,F,Regular
CUST_02003,2024-10-23,Canada,24,F,New
CUST_02004,2023-07-02,Brazil,37,F,At-Risk
CUST_02005,2023-07-18,UK,49,F,New
CUST_02006,2024-07-08,UK,22,F,Regular
CUST_02007,2023-11-25,Germany,45,M,New
CUST_02008,2024-07-20,USA,65,Other,Regular
CUST_02009,2023-02-17,USA,50,F,New
CUST_02010,2023-12-22,USA,54,F,VIP
CUST_02011,2023-01-25,USA,40,F,Regular
CUST_02012,2023-02-15,Brazil,49,F,New
CUST_02013,2024-10-23,USA,29,M,VIP
CUST_02014,2023-04-12,USA,47,M,Regular
CUST_02015,2024-01-24,Germany,45,F,At-Risk
CUST_02016,2023-10-28,Canada,41,F,At-Risk
CUST_02017,2023-09-11,USA,53,M,At-Risk
CUST_02018,2024-10-18,USA,31,F,New
CUST_02019,2023-01-16,UK,35,F,New
CUST_02020,2024-04-29,Brazil,39,M,At-Risk
CUST_02021,2024-12-04,Germany,25,F,Regular
CUST_02022,2024-02-13,Brazil,40,F,New
CUST_02023,2024-11-14,Australia,18,M,VIP
CUST_02024,2023-02-08,Brazil,50,F,New
CUST_02025,2023-11-02,Germany,38,M,Regular
CUST_02026,2023-07-09,UK,31,M,VIP
CUST_02027,2024-06-17,USA,27,M,VIP
CUST_02028,2024-12-17,Japan,35,F,New
CUST_02029,2023-07-07,UK,46,M,Regular
CUST_02030,2024-04-22,USA,44,M,Regular
CUST_02031,2023-05-25,France,29,F,Regular
CUST_02032,2024-02-17,USA,27,M,New
CUST_02033,2023-12-05,Germany,45,F,Regular
CUST_02034,2024-12-10,Germany,29,F,Regular
CUST_02035,2024-03-20,UK,38,Other,Regular
CUST_02036,2023-09-13,Canada,39,F,VIP
CUST_02037,2023-03-25,USA,41,M,Regular
CUST_02038,2023-04-21,UK,48,M,New
CUST_02039,2023-06-14,Germany,22,F,Regular
CUST_02040,2023-07-03,France,18,F,VIP
CUST_02041,2024-09-12,Brazil,31,M,New
CUST_02042,2024-02-14,UK,59,F,Regular
CUST_02043,2024-01-18,France,62,F,New
CUST_02044,2023-03-25,USA,59,F,New
CUST_02045,2024-09-19,Australia,35,F,At-Risk
CUST_02046,2024-06-11,UK,18,Other,At-Risk
CUST_02047,2023-02-19,Brazil,18,F,Regular
CUST_02048,2024-05-31,USA,30,F,Regular
CUST_02049,2024-02-01,USA,35,M,At-Risk
CUST_02050,2023-03-01,UK,53,F,At-Risk
CUST_02051,2023-12-01,Canada,48,F,Regular
CUST_02052,2023-12-20,Germany,40,F,Regular
CUST_02053,2023-05-02,Australia,27,F,Regular
CUST_02054,2024-11-21,UK,26,M,New
CUST_02055,2024-09-12,UK,41,F,Regular
CUST_02056,2024-05-03,USA,46,F,VIP
CUST_02057,2023-12-04,Brazil,42,M,VIP
CUST_02058,2023-10-28,USA,25,M,At-Risk
CUST_02059,2024-04-20,Canada,45,F,New
CUST_02060,2024-02-03,Australia,43,M,Regular
CUST_02061,2023-02-15,Australia,25,M,New
CUST_02062,2024-01-10,Germany,28,M,New
CUST_02063,2024-08-11,France,46,F,At-Risk
CUST_02064,2023-12-02,Brazil,35,F,Regular
CUST_02065,2023-02-07,USA,57,M,VIP
CUST_02066,2024-07-27,Germany,44,F,New
CUST_02067,2023-05-27,USA,32,F,Regular
CUST_02068,2023-07-08,UK,37,M,Regular
CUST_02069,2023-05-01,USA,38,M,New
CUST_02070,2023-08-30,USA,29,F,New
CUST_02071,2024-07-06,UK,27,M,New
CUST_02072,2024-01-15,UK,46,F,Regular
CUST_02073,2023-05-30,France,48,M,At-Risk
CUST_02074,2024-10-02,USA,45,M,VIP
CUST_02075,2024-10-04,Germany,56,Other,At-Risk
CUST_02076,2024-09-27,USA,31,M,VIP
CUST_02077,2023-06-24,Germany,58,F,At-Risk
CUST_02078,2023-11-26,France,27,M,Regular
CUST_02079,2024-12-20,Germany,25,M,Regular
CUST_02080,2024-07-17,Brazil,18,M,Regular
CUST_02081,2023-01-20,USA,32,M,VIP
CUST_02082,2023-02-17,Brazil,31,M,New
CUST_02083,2023-12-05,UK,44,M,New
CUST_02084,2024-10-25,UK,40,F,At-Risk
CUST_02085,2024-01-29,France,23,F,New
CUST_02086,2023-12-30,USA,33,M,At-Risk
CUST_02087,2023-03-18,France,33,F,Regular
CUST_02088,2024-04-24,Germany,18,M,New
CUST_02089,2024-08-23,USA,26,M,Regular
CUST_02090,2023-10-05,USA,28,F,VIP
CUST_02091,2024-07-20,USA,55,M,New
CUST_02092,2024-12-05,Australia,40,F,VIP
CUST_02093,2023-05-29,France,45,M,VIP
CUST_02094,2024-01-18,USA,20,F,New
CUST_02095,2023-07-29,UK,52,F,New
CUST_02096,2024-08-01,Germany,53,M,New
CUST_02097,2024-02-26,Canada,18,M,New
CUST_02098,2024-04-08,USA,29,F,New
CUST_02099,2024-08-05,USA,43,F,Regular
CUST_02100,2023-10-17,Canada,45,M,New
CUST_02101,2024-10-30,USA,29,M,At-Risk
CUST_02102,2024-01-25,USA,34,M,New
CUST_02103,2023-04-26,Australia,30,F,Regular
CUST_02104,2024-05-23,Germany,39,F,Regular
CUST_02105,2024-08-02,USA,52,M,At-Risk
CUST_02106,2023-08-20,USA,28,M,Regular
CUST_02107,2024-09-17,USA,50,F,New
CUST_02108,2024-10-23,USA,28,F,At-Risk
CUST_02109,2023-07-22,Canada,27,F,New
CUST_02110,2024-12-18,UK,47,M,New
CUST_02111,2023-04-13,Brazil,49,F,Regular
CUST_02112,2023-05-28,Australia,48,F,VIP
CUST_02113,2023-05-15,UK,22,M,New
CUST_02114,2024-10-14,USA,32,Other,Regular
CUST_02115,2024-04-22,Germany,47,F,Regular
CUST_02116,2023-04-22,Australia,38,F,At-Risk
CUST_02117,2023-11-18,Brazil,25,F,New
CUST_02118,2024-03-25,USA,43,M,New
CUST_02119,2023-03-02,France,29,M,Regular
CUST_02120,2024-10-06,Germany,59,M,New
CUST_02121,2024-08-09,Australia,56,F,Regular
CUST_02122,2024-01-04,USA,45,M,Regular
CUST_02123,2024-12-07,Germany,54,F,VIP
CUST_02124,2023-11-01,Canada,38,M,VIP
CUST_02125,2024-12-19,UK,47,F,At-Risk
CUST_02126,2024-05-02,UK,55,F,Regular
CUST_02127,2024-04-08,USA,40,F,At-Risk
CUST_02128,2023-05-02,USA,34,F,New
CUST_02129,2024-10-05,USA,18,Other,Regular
CUST_02130,2023-11-09,Australia,37,M,Regular
CUST_02131,2023-04-29,USA,47,M,VIP
CUST_02132,2023-01-10,UK,49,M,Regular
CUST_02133,2024-02-13,France,44,F,VIP
CUST_02134,2024-01-21,USA,31,M,At-Risk
CUST_02135,2024-06-09,UK,18,F,Regular
CUST_02136,2024-10-11,Brazil,32,M,VIP
CUST_02137,2023-02-27,Canada,34,F,New
CUST_02138,2024-06-17,France,34,F,New
CUST_02139,2023-05-17,France,45,F,At-Risk
CUST_02140,2024-09-18,USA,61,F,Regular
CUST_02141,2024-08-20,Australia,39,M,Regular
CUST_02142,2024-01-30,USA,35,M,New
CUST_02143,2024-06-02,Brazil,34,F,New
CUST_02144,2023-08-18,USA,39,M,New
CUST_02145,2023-12-10,Australia,28,F,Regular
CUST_02146,2024-08-22,France,39,F,New
CUST_02147,2023-12-02,Brazil,43,F,New
CUST_02148,2023-09-19,USA,40,M,Regular
CUST_02149,2023-12-27,UK,43,F,Regular
CUST_02150,2024-08-27,Germany,43,M,New
CUST_02151,2023-09-02,Brazil,18,M,Regular
CUST_02152,2023-05-07,USA,45,M,At-Risk
CUST_02153,2024-06-03,Japan,29,M,Regular
CUST_02154,2024-08-25,Canada,24,M,At-Risk
CUST_02155,2023-03-15,USA,24,M,At-Risk
CUST_02156,2023-06-25,Canada,43,F,New
CUST_02157,2023-04-14,Germany,35,M,New
CUST_02158,2023-09-11,UK,18,F,Regular
CUST_02159,2023-11-25,USA,43,M,Regular
CUST_02160,2024-06-30,Germany,20,M,Regular
CUST_02161,2024-04-20,Brazil,39,F,New
CUST_02162,2024-03-29,UK,40,F,Regular
CUST_02163,2023-09-15,France,48,M,New
CUST_02164,2024-09-06,France,59,M,At-Risk
CUST_02165,2023-12-11,France,21,M,New
CUST_02166,2024-12-15,USA,37,M,At-Risk
CUST_02167,2024-04-07,Canada,34,F,New
CUST_02168,2023-04-03,UK,43,F,New
CUST_02169,2024-05-08,USA,40,M,New
CUST_02170,2023-08-26,USA,33,F,At-Risk
CUST_02171,2024-05-16,UK,32,M,New
CUST_02172,2023-02-20,Canada,24,F,Regular
CUST_02173,2023-05-08,UK,49,F,At-Risk
CUST_02174,2024-09-16,Brazil,43,F,Regular
CUST_02175,2023-06-15,USA,49,F,New
CUST_02176,2024-09-03,UK,34,F,At-Risk
CUST_02177,2023-07-23,Japan,30,M,At-Risk
CUST_02178,2024-04-14,Brazil,25,F,Regular
CUST_02179,2024-05-21,USA,42,M,Regular
CUST_02180,2024-01-10,Germany,25,M,At-Risk
CUST_02181,2023-08-11,USA,60,F,At-Risk
CUST_02182,2023-06-05,UK,22,M,Regular
CUST_02183,2023-01-25,Brazil,41,F,VIP
CUST_02184,2023-08-10,Brazil,56,F,New
CUST_02185,2024-04-21,USA,45,F,New
CUST_02186,2024-11-15,Australia,40,F,New
CUST_02187,2024-09-27,Germany,26,M,New
CUST_02188,2024-07-13,UK,21,Other,Regular
CUST_02189,2024-07-29,Germany,47,M,Regular
CUST_02190,2024-04-30,Germany,56,F,New
CUST_02191,2023-07-10,Germany,32,F,Regular
CUST_02192,2024-10-24,UK,24,F,New
CUST_02193,2024-05-04,Germany,18,F,At-Risk
CUST_02194,2024-02-14,USA,26,F,At-Risk
CUST_02195,2023-03-23,Brazil,36,M,New
CUST_02196,2023-11-23,Germany,57,M,At-Risk
CUST_02197,2023-12-03,USA,46,M,New
CUST_02198,2024-09-23,Brazil,41,F,Regular
CUST_02199,2024-02-04,Australia,33,F,At-Risk
CUST_02200,2023-10-05,Australia,31,F,New
CUST_02201,2024-12-14,UK,54,F,Regular
CUST_02202,2023-03-22,USA,40,F,New
CUST_02203,2023-11-05,Germany,18,M,New
CUST_02204,2023-01-31,USA,29,M,Regular
CUST_02205,2024-06-24,Australia,27,M,At-Risk
CUST_02206,2024-11-01,USA,31,F,Regular
CUST_02207,2023-07-24,USA,44,M,At-Risk
CUST_02208,2024-09-18,UK,36,F,At-Risk
CUST_02209,2023-08-02,UK,37,F,New
CUST_02210,2024-10-26,Brazil,53,M,Regular
CUST_02211,2024-07-04,UK,29,M,Regular
CUST_02212,2024-08-10,USA,60,M,Regular
CUST_02213,2023-01-14,USA,29,M,New
CUST_02214,2024-12-03,Germany,39,F,At-Risk
CUST_02215,2024-06-14,USA,34,M,VIP
CUST_02216,2023-08-11,Germany,39,F,Regular
CUST_02217,2024-08-28,Germany,43,F,Regular
CUST_02218,2023-07-25,France,43,M,New
CUST_02219,2024-09-29,Australia,28,F,Regular
CUST_02220,2023-03-24,Australia,24,F,At-Risk
CUST_02221,2024-05-28,Australia,68,F,At-Risk
CUST_02222,2024-01-30,USA,32,M,New
CUST_02223,2023-03-12,USA,46,M,Regular
CUST_02224,2023-06-26,USA,18,M,Regular
CUST_02225,2023-01-10,Canada,34,M,New
CUST_02226,2023-12-09,Japan,36,F,New
CUST_02227,2023-08-08,Canada,43,F,Regular
CUST_02228,2024-03-12,USA,18,F,Regular
CUST_02229,2023-08-05,Australia,39,M,New
CUST_02230,2023-08-07,UK,24,M,New
CUST_02231,2024-06-26,USA,41,F,New
CUST_02232,2023-02-05,UK,25,M,New
CUST_02233,2024-10-21,USA,27,M,Regular
CUST_02234,2024-09-14,Germany,34,F,New
CUST_02235,2024-05-02,USA,25,M,New
CUST_02236,2024-03-09,UK,32,F,At-Risk
CUST_02237,2024-10-13,Germany,23,M,New
CUST_02238,2023-05-16,Canada,18,F,Regular
CUST_02239,2023-02-27,France,50,F,At-Risk
CUST_02240,2023-06-24,UK,22,M,Regular
CUST_02241,2024-08-03,Brazil,35,F,Regular
CUST_02242,2023-01-26,Australia,47,F,Regular
CUST_02243,2024-03-01,USA,30,F,New
CUST_02244,2024-12-27,Germany,28,M,Regular
CUST_02245,2024-09-16,USA,40,F,Regular
CUST_02246,2024-01-16,USA,51,M,New
CUST_02247,2023-02-16,France,23,F,Regular
CUST_02248,2024-08-29,Canada,36,F,At-Risk
CUST_02249,2024-03-13,USA,18,F,New
CUST_02250,2023-03-25,Brazil,33,F,Regular
CUST_02251,2023-03-10,Canada,38,M,Regular
CUST_02252,2024-10-26,Australia,27,M,VIP
CUST_02253,2024-05-03,USA,32,F,VIP
CUST_02254,2024-08-28,Australia,21,F,VIP
CUST_02255,2024-10-03,USA,38,M,New
CUST_02256,2024-02-22,Germany,50,F,New
CUST_02257,2024-01-13,USA,24,F,New
CUST_02258,2023-11-11,USA,30,F,Regular
CUST_02259,2023-08-20,Brazil,44,M,Regular
CUST_02260,2023-11-14,UK,52,M,At-Risk
CUST_02261,2024-07-18,USA,20,Other,Regular
CUST_02262,2024-03-15,USA,35,F,Regular
CUST_02263,2024-10-13,France,41,F,Regular
CUST_02264,2023-11-20,USA,36,M,New
CUST_02265,2024-03-19,Brazil,18,F,Regular
CUST_02266,2024-04-05,USA,44,F,Regular
CUST_02267,2024-03-07,USA,56,M,At-Risk
CUST_02268,2024-05-27,UK,39,F,New
CUST_02269,2023-06-23,UK,25,F,At-Risk
CUST_02270,2024-01-10,UK,31,F,Regular
CUST_02271,2023-03-18,USA,59,F,New
CUST_02272,2023-10-08,Japan,48,F,New
CUST_02273,2023-12-22,France,45,F,New
CUST_02274,2024-04-21,USA,42,F,Regular
CUST_02275,2024-11-24,UK,30,F,New
CUST_02276,2024-03-14,Canada,35,M,Regular
CUST_02277,2024-06-26,USA,37,F,At-Risk
CUST_02278,2024-01-05,USA,44,F,Regular
CUST_02279,2024-04-07,Brazil,56,M,VIP
CUST_02280,2023-02-21,Germany,51,F,New
CUST_02281,2023-07-05,Germany,20,M,Regular
CUST_02282,2023-09-22,USA,40,F,New
CUST_02283,2023-12-11,USA,46,M,At-Risk
CUST_02284,2023-02-03,France,45,M,New
CUST_02285,2023-04-13,USA,30,F,Regular
CUST_02286,2023-07-22,Germany,72,F,Regular
CUST_02287,2024-12-10,Germany,22,F,Regular
CUST_02288,2023-08-30,USA,25,F,VIP
CUST_02289,2023-12-18,Australia,40,F,New
CUST_02290,2023-05-24,Canada,63,F,New
CUST_02291,2024-03-21,Brazil,27,F,VIP
CUST_02292,2023-07-24,USA,34,F,Regular
CUST_02293,2023-06-01,USA,50,M,Regular
CUST_02294,2024-01-13,UK,37,F,New
CUST_02295,2023-01-05,USA,33,M,VIP
CUST_02296,2023-01-06,Japan,44,F,At-Risk
CUST_02297,2023-06-09,USA,41,M,Regular
CUST_02298,2023-01-27,UK,50,F,At-Risk
CUST_02299,2023-03-20,UK,53,F,Regular
CUST_02300,2023-09-05,France,41,Other,New
CUST_02301,2024-08-08,USA,41,Other,New
CUST_02302,2024-02-22,UK,40,F,Regular
CUST_02303,2024-01-10,USA,43,M,Regular
CUST_02304,2023-08-03,Canada,38,Other,VIP
CUST_02305,2024-11-11,USA,37,M,Regular
CUST_02306,2023-10-17,Australia,52,F,At-Risk
CUST_02307,2023-03-05,Canada,56,M,Regular
CUST_02308,2024-03-26,USA,19,F,Regular
CUST_02309,2023-03-25,Brazil,38,F,New
CUST_02310,2023-09-10,USA,29,F,Regular
CUST_02311,2024-01-06,Japan,34,F,At-Risk
CUST_02312,2024-09-30,Germany,42,F,New
CUST_02313,2023-12-27,USA,46,M,At-Risk
CUST_02314,2024-05-27,UK,36,F,At-Risk
CUST_02315,2024-12-25,USA,18,F,Regular
CUST_02316,2023-04-06,Japan,26,M,New
CUST_02317,2023-07-20,USA,48,M,New
CUST_02318,2023-10-16,France,18,M,New
CUST_02319,2023-11-04,UK,52,F,New
CUST_02320,2023-10-28,Australia,44,M,Regular
CUST_02321,2024-10-24,USA,53,M,New
CUST_02322,2024-06-05,Germany,35,M,Regular
CUST_02323,2024-03-19,UK,18,F,New
CUST_02324,2023-08-14,France,43,F,New
CUST_02325,2024-08-24,USA,53,F,Regular
CUST_02326,2024-11-28,USA,49,F,At-Risk
CUST_02327,2024-08-22,USA,30,M,Regular
CUST_02328,2023-01-02,Brazil,39,M,Regular
CUST_02329,2024-04-09,USA,31,F,VIP
CUST_02330,2023-02-07,Germany,28,M,Regular
CUST_02331,2023-07-08,USA,49,M,At-Risk
CUST_02332,2023-02-13,Canada,23,F,New
CUST_02333,2024-03-16,Australia,27,M,At-Risk
CUST_02334,2024-05-16,Germany,24,F,New
CUST_02335,2023-03-25,UK,20,M,At-Risk
CUST_02336,2023-10-08,USA,39,F,New
CUST_02337,2023-11-30,USA,51,M,At-Risk
CUST_02338,2023-09-27,USA,35,M,At-Risk
CUST_02339,2023-03-30,France,19,M,New
CUST_02340,2023-11-02,Germany,48,F,At-Risk
CUST_02341,2024-07-02,Australia,58,F,New
CUST_02342,2023-02-21,UK,30,M,New
CUST_02343,2023-02-28,France,32,F,Regular
CUST_02344,2023-09-16,UK,44,F,At-Risk
CUST_02345,2024-11-18,Germany,57,F,Regular
CUST_02346,2024-05-03,USA,31,F,Regular
CUST_02347,2024-05-10,UK,22,M,Regular
CUST_02348,2023-09-22,UK,45,F,At-Risk
CUST_02349,2024-03-09,France,47,F,VIP
CUST_02350,2023-01-08,Australia,38,M,New
CUST_02351,2024-04-09,USA,31,M,New
CUST_02352,2024-10-28,USA,49,F,New
CUST_02353,2024-03-23,UK,44,F,Regular
CUST_02354,2024-09-29,Germany,28,F,New
CUST_02355,2024-06-12,USA,38,Other,New
CUST_02356,2023-03-30,Brazil,21,F,At-Risk
CUST_02357,2024-10-20,Japan,46,M,New
CUST_02358,2023-02-18,Australia,34,M,Regular
CUST_02359,2024-01-25,USA,32,M,New
CUST_02360,2023-04-14,Canada,37,M,New
CUST_02361,2023-01-09,France,38,M,New
CUST_02362,2023-11-05,UK,48,F,Regular
CUST_02363,2023-08-04,Germany,45,F,At-Risk
CUST_02364,2023-12-21,Canada,36,F,New
CUST_02365,2024-02-26,UK,47,F,New
CUST_02366,2023-02-01,UK,42,F,VIP
CUST_02367,2023-03-31,UK,32,F,VIP
CUST_02368,2024-02-12,Germany,36,F,VIP
CUST_02369,2023-09-08,USA,36,M,At-Risk
CUST_02370,2024-06-16,Australia,44,M,VIP
CUST_02371,2024-04-21,France,33,F,Regular
CUST_02372,2024-09-09,France,33,M,VIP
CUST_02373,2024-05-20,USA,61,F,Regular
CUST_02374,2023-11-10,Germany,49,M,New
CUST_02375,2024-05-06,USA,28,F,New
CUST_02376,2023-07-21,USA,44,Other,New
CUST_02377,2023-08-12,Germany,39,M,New
CUST_02378,2024-07-29,UK,42,F,New
CUST_02379,2023-11-22,Germany,39,M,New
CUST_02380,2024-08-05,USA,52,M,At-Risk
CUST_02381,2024-08-23,UK,42,M,At-Risk
CUST_02382,2024-09-18,USA,37,F,Regular
CUST_02383,2024-10-31,Japan,50,M,VIP
CUST_02384,2023-11-11,Germany,40,F,New
CUST_02385,2023-08-21,France,39,M,At-Risk
CUST_02386,2024-03-01,USA,41,M,Regular
CUST_02387,2023-09-28,USA,36,F,New
CUST_02388,2024-03-14,Japan,38,M,New
CUST_02389,2024-05-30,USA,30,M,New
CUST_02390,2024-05-17,UK,28,M,New
CUST_02391,2023-10-01,France,26,F,New
CUST_02392,2023-05-02,USA,21,F,New
CUST_02393,2023-11-11,Brazil,27,M,New
CUST_02394,2023-04-15,Germany,35,M,New
CUST_02395,2024-10-11,USA,39,M,At-Risk
CUST_02396,2023-09-10,USA,34,M,New
CUST_02397,2023-04-23,USA,18,F,New
CUST_02398,2023-01-19,Canada,56,F,Regular
CUST_02399,2024-04-16,France,51,F,At-Risk
CUST_02400,2024-04-09,USA,43,M,New
CUST_02401,2023-09-06,USA,60,F,At-Risk
CUST_02402,2023-02-22,France,26,F,New
CUST_02403,2023-10-27,Germany,60,F,New
CUST_02404,2023-08-16,UK,26,F,New
CUST_02405,2024-05-09,UK,40,F,Regular
CUST_02406,2024-03-18,USA,22,F,New
CUST_02407,2023-09-24,France,38,M,Regular
CUST_02408,2023-06-09,Japan,42,F,New
CUST_02409,2024-12-22,USA,36,M,Regular
CUST_02410,2023-11-28,Germany,46,F,New
CUST_02411,2024-05-17,UK,39,F,Regular
CUST_02412,2023-04-13,UK,31,F,Regular
CUST_02413,2023-12-21,USA,31,M,Regular
CUST_02414,2023-01-21,Canada,47,M,New
CUST_02415,2024-01-04,UK,30,M,VIP
CUST_02416,2024-12-04,Germany,48,F,Regular
CUST_02417,2023-10-08,USA,52,F,New
CUST_02418,2023-01-29,USA,18,F,At-Risk
CUST_02419,2023-01-23,USA,51,M,Regular
CUST_02420,2023-10-11,France,62,F,Regular
CUST_02421,2023-04-27,USA,41,Other,New
CUST_02422,2023-01-18,France,45,M,Regular
CUST_02423,2024-07-06,UK,50,F,New
CUST_02424,2023-12-01,UK,34,F,Regular
CUST_02425,2023-07-31,UK,40,F,Regular
CUST_02426,2024-10-19,UK,22,F,Regular
CUST_02427,2023-03-26,USA,39,M,New
CUST_02428,2024-11-28,USA,43,F,VIP
CUST_02429,2023-08-18,France,44,F,New
CUST_02430,2024-10-10,France,50,F,Regular
CUST_02431,2024-03-16,USA,28,F,VIP
CUST_02432,2024-08-26,UK,31,Other,Regular
CUST_02433,2024-12-19,USA,60,F,New
CUST_02434,2023-07-30,USA,36,F,New
CUST_02435,2024-12-02,USA,40,M,New
CUST_02436,2023-10-12,Canada,37,M,Regular
CUST_02437,2023-10-09,USA,28,M,New
CUST_02438,2023-09-06,USA,57,F,Regular
CUST_02439,2024-01-31,USA,31,Other,Regular
CUST_02440,2023-04-23,USA,24,M,New
CUST_02441,2024-02-09,France,32,M,New
CUST_02442,2024-01-31,USA,18,F,New
CUST_02443,2024-07-10,USA,30,F,New
CUST_02444,2024-08-31,France,26,F,Regular
CUST_02445,2023-11-18,USA,45,M,Regular
CUST_02446,2023-08-09,France,29,M,VIP
CUST_02447,2023-07-09,Germany,48,F,New
CUST_02448,2023-05-23,USA,54,M,At-Risk
CUST_02449,2023-02-12,France,47,M,New
CUST_02450,2023-09-07,USA,35,M,New
CUST_02451,2023-07-17,Germany,39,M,Regular
CUST_02452,2024-12-06,UK,19,M,VIP
CUST_02453,2024-02-12,USA,36,F,New
CUST_02454,2023-09-11,Germany,27,M,Regular
CUST_02455,2024-02-28,Canada,46,M,At-Risk
CUST_02456,2023-04-12,Japan,68,F,VIP
CUST_02457,2023-11-21,Germany,43,F,New
CUST_02458,2024-04-02,UK,18,F,VIP
CUST_02459,2023-12-23,USA,33,F,VIP
CUST_02460,2023-10-21,USA,39,F,Regular
CUST_02461,2024-12-26,UK,39,F,VIP
CUST_02462,2024-10-04,UK,29,F,At-Risk
CUST_02463,2024-03-31,Australia,40,F,Regular
CUST_02464,2024-02-20,UK,23,F,New
CUST_02465,2024-03-29,UK,26,M,Regular
CUST_02466,2023-05-27,UK,45,F,New
CUST_02467,2023-10-16,Canada,25,F,New
CUST_02468,2023-01-29,France,44,F,Regular
CUST_02469,2023-12-14,Germany,21,M,New
CUST_02470,2024-02-01,USA,59,M,Regular
CUST_02471,2023-06-16,Brazil,28,F,VIP
CUST_02472,2024-12-04,USA,35,M,Regular
CUST_02473,2024-10-25,Canada,41,F,At-Risk
CUST_02474,2024-06-11,Germany,31,F,New
CUST_02475,2024-01-25,UK,39,F,VIP
CUST_02476,2024-09-27,UK,44,F,VIP
CUST_02477,2023-04-06,France,49,F,New
CUST_02478,2024-07-31,USA,47,F,New
CUST_02479,2023-04-02,Canada,35,F,New
CUST_02480,2024-08-02,UK,36,F,VIP
CUST_02481,2023-07-21,USA,66,Other,VIP
CUST_02482,2024-10-02,USA,49,F,New
CUST_02483,2024-11-20,UK,26,Other,Regular
CUST_02484,2023-04-19,UK,39,M,New
CUST_02485,2023-12-04,UK,33,M,Regular
CUST_02486,2024-12-17,France,36,M,At-Risk
CUST_02487,2023-12-19,UK,23,M,New
CUST_02488,2024-09-22,Japan,33,F,At-Risk
CUST_02489,2024-03-05,Germany,59,M,VIP
CUST_02490,2023-10-01,Brazil,44,Other,At-Risk
CUST_02491,2023-07-28,USA,18,M,New
CUST_02492,2023-05-29,UK,52,M,New
CUST_02493,2024-07-10,USA,51,M,New
CUST_02494,2023-10-10,Germany,33,F,Regular
CUST_02495,2024-01-09,Canada,46,M,Regular
CUST_02496,2023-12-26,USA,27,M,New
CUST_02497,2024-02-26,USA,32,F,VIP
CUST_02498,2024-09-23,Canada,55,M,New
CUST_02499,2024-12-16,USA,34,M,New
CUST_02500,2023-10-25,France,18,F,Regular
CUST_02501,2024-08-27,Germany,37,M,New
CUST_02502,2024-07-12,Canada,37,M,New
CUST_02503,2024-02-23,USA,52,M,New
CUST_02504,2024-11-28,USA,38,M,At-Risk
CUST_02505,2023-05-27,Germany,32,F,VIP
CUST_02506,2023-03-21,Australia,50,M,Regular
CUST_02507,2024-09-15,UK,39,F,Regular
CUST_02508,2023-11-17,USA,28,F,Regular
CUST_02509,2024-09-10,Germany,51,M,New
CUST_02510,2024-10-13,Australia,40,Other,Regular
CUST_02511,2023-02-15,Canada,38,M,Regular
CUST_02512,2024-10-06,Japan,40,M,Regular
CUST_02513,2023-11-24,USA,25,M,Regular
CUST_02514,2024-01-08,USA,31,M,Regular
CUST_02515,2024-04-02,Germany,38,F,New
CUST_02516,2024-11-07,Canada,35,M,At-Risk
CUST_02517,2023-01-14,USA,53,F,New
CUST_02518,2023-12-15,USA,40,F,At-Risk
CUST_02519,2024-05-17,Brazil,48,M,New
CUST_02520,2024-06-11,USA,38,F,New
CUST_02521,2024-05-20,UK,50,F,Regular
CUST_02522,2023-04-09,Germany,42,M,New
CUST_02523,2023-08-07,Germany,38,M,VIP
CUST_02524,2023-09-19,Brazil,37,M,Regular
CUST_02525,2024-08-10,UK,26,F,Regular
CUST_02526,2023-07-23,Germany,44,F,New
CUST_02527,2023-06-03,Germany,37,M,New
CUST_02528,2024-11-29,Germany,31,F,New
CUST_02529,2023-01-07,France,51,F,Regular
CUST_02530,2024-12-29,USA,22,F,Regular
CUST_02531,2024-05-09,USA,32,M,Regular
CUST_02532,2024-08-27,USA,50,M,At-Risk
CUST_02533,2023-08-04,USA,41,M,Regular
CUST_02534,2023-01-11,Germany,37,F,At-Risk
CUST_02535,2024-06-22,Canada,41,F,New
CUST_02536,2024-08-31,France,40,F,New
CUST_02537,2024-06-24,Brazil,19,M,New
CUST_02538,2023-04-15,UK,33,M,New
CUST_02539,2024-07-04,UK,57,F,Regular
CUST_02540,2024-07-15,UK,30,F,Regular
CUST_02541,2024-04-25,USA,34,F,Regular
CUST_02542,2024-07-13,USA,31,M,Regular
CUST_02543,2024-09-09,Germany,36,M,At-Risk
CUST_02544,2024-03-23,Japan,31,F,At-Risk
CUST_02545,2023-03-06,USA,43,Other,New
CUST_02546,2023-12-22,USA,40,F,New
CUST_02547,2023-02-26,Brazil,47,F,New
CUST_02548,2023-10-25,USA,25,F,New
CUST_02549,2023-10-25,Canada,33,M,Regular
CUST_02550,2023-02-18,France,35,F,Regular
CUST_02551,2023-09-12,Australia,43,F,New
CUST_02552,2023-03-23,UK,28,Other,Regular
CUST_02553,2024-08-13,France,48,M,Regular
CUST_02554,2024-11-22,UK,52,M,New
CUST_02555,2023-02-22,France,26,F,New
CUST_02556,2024-11-28,UK,32,M,At-Risk
CUST_02557,2024-01-17,USA,31,M,Regular
CUST_02558,2023-08-07,Germany,69,M,New
CUST_02559,2023-02-26,Germany,32,F,New
CUST_02560,2024-01-01,Brazil,58,F,New
CUST_02561,2024-08-02,Brazil,22,M,New
CUST_02562,2024-05-31,France,26,F,VIP
CUST_02563,2023-02-06,USA,29,M,New
CUST_02564,2023-02-23,Brazil,27,F,New
CUST_02565,2023-10-22,Germany,34,F,New
CUST_02566,2023-08-04,Canada,29,F,VIP
CUST_02567,2023-06-19,Australia,28,M,New
CUST_02568,2023-07-25,USA,51,F,New
CUST_02569,2024-08-09,Canada,52,F,Regular
CUST_02570,2024-11-09,USA,49,F,Regular
CUST_02571,2023-10-23,UK,44,M,New
CUST_02572,2024-10-23,Germany,39,M,New
CUST_02573,2023-08-23,USA,32,F,VIP
CUST_02574,2023-12-14,Brazil,26,M,At-Risk
CUST_02575,2023-06-15,USA,42,M,New
CUST_02576,2024-04-12,USA,23,F,New
CUST_02577,2024-12-15,Germany,26,M,New
CUST_02578,2024-03-16,France,51,Other,VIP
CUST_02579,2023-09-19,Australia,60,M,Regular
CUST_02580,2024-04-17,France,42,F,VIP
CUST_02581,2023-03-31,France,51,F,Regular
CUST_02582,2024-10-10,UK,35,F,At-Risk
CUST_02583,2024-01-03,USA,21,Other,At-Risk
CUST_02584,2023-11-25,USA,45,M,VIP
CUST_02585,2024-03-03,Germany,44,F,Regular
CUST_02586,2024-04-01,France,38,F,New
CUST_02587,2023-02-22,UK,35,M,Regular
CUST_02588,2024-05-13,Brazil,49,F,Regular
CUST_02589,2023-06-26,Germany,26,M,Regular
CUST_02590,2024-06-05,USA,28,F,New
CUST_02591,2024-08-23,USA,25,M,Regular
CUST_02592,2024-08-09,Canada,39,F,Regular
CUST_02593,2024-02-08,Brazil,24,F,Regular
CUST_02594,2024-01-15,Canada,29,M,New
CUST_02595,2023-04-15,USA,29,F,Regular
CUST_02596,2024-07-20,Japan,34,M,New
CUST_02597,2023-07-18,USA,20,M,At-Risk
CUST_02598,2023-12-29,USA,39,M,Regular
CUST_02599,2023-07-27,Japan,52,M,New
CUST_02600,2023-04-08,USA,39,M,New
CUST_02601,2024-04-04,France,56,F,Regular
CUST_02602,2023-02-09,USA,54,F,New
CUST_02603,2024-06-30,Germany,47,F,At-Risk
CUST_02604,2023-08-20,Australia,38,M,Regular
CUST_02605,2023-01-01,USA,38,F,New
CUST_02606,2024-01-09,France,47,F,Regular
CUST_02607,2023-02-04,USA,33,M,New
CUST_02608,2023-07-21,France,18,F,VIP
CUST_02609,2024-05-31,USA,43,F,New
CUST_02610,2023-02-15,USA,24,F,At-Risk
CUST_02611,2024-09-04,USA,26,M,Regular
CUST_02612,2023-01-03,USA,38,M,VIP
CUST_02613,2023-06-30,Australia,36,F,New
CUST_02614,2024-06-24,UK,21,F,New
CUST_02615,2023-08-19,USA,39,M,Regular
CUST_02616,2023-03-16,UK,49,M,Regular
CUST_02617,2023-09-20,USA,24,F,New
CUST_02618,2023-07-17,Brazil,53,F,New
CUST_02619,2024-09-07,Japan,19,F,New
CUST_02620,2023-08-17,UK,63,M,Regular
CUST_02621,2024-07-29,Canada,33,M,New
CUST_02622,2024-10-13,Germany,39,M,New
CUST_02623,2023-11-13,USA,18,M,New
CUST_02624,2024-10-26,France,37,M,Regular
CUST_02625,2023-10-03,Germany,40,F,New
CUST_02626,2024-12-04,France,36,F,At-Risk
CUST_02627,2023-03-07,Canada,31,F,New
CUST_02628,2024-05-16,UK,26,M,At-Risk
CUST_02629,2023-12-27,Australia,51,M,Regular
CUST_02630,2023-10-10,Brazil,38,M,New
CUST_02631,2024-04-06,UK,56,M,New
CUST_02632,2024-05-28,Germany,31,F,Regular
CUST_02633,2023-01-04,USA,32,M,Regular
CUST_02634,2023-05-02,Japan,47,M,Regular
CUST_02635,2024-06-04,France,18,M,New
CUST_02636,2024-05-01,USA,23,M,At-Risk
CUST_02637,2024-12-06,USA,51,F,At-Risk
CUST_02638,2024-07-09,France,23,M,Regular
CUST_02639,2024-11-25,USA,18,F,Regular
CUST_02640,2024-05-27,USA,60,F,Regular
CUST_02641,2023-08-06,UK,21,M,New
CUST_02642,2023-03-18,USA,40,M,New
CUST_02643,2024-07-24,UK,38,F,Regular
CUST_02644,2024-04-15,USA,18,F,VIP
CUST_02645,2023-02-05,USA,34,M,New
CUST_02646,2023-09-20,France,43,M,Regular
CUST_02647,2024-11-29,Germany,42,M,At-Risk
CUST_02648,2024-01-01,USA,48,M,New
CUST_02649,2023-11-12,USA,33,M,New
CUST_02650,2023-12-01,Germany,46,M,VIP
CUST_02651,2023-06-02,USA,29,M,New
CUST_02652,2023-09-27,USA,21,M,New
CUST_02653,2023-09-27,USA,22,M,New
CUST_02654,2023-02-08,Brazil,20,F,New
CUST_02655,2024-07-14,Brazil,50,F,At-Risk
CUST_02656,2023-11-01,Brazil,19,F,Regular
CUST_02657,2024-08-23,France,41,M,Regular
CUST_02658,2024-09-12,France,34,F,Regular
CUST_02659,2023-06-04,UK,36,M,At-Risk
CUST_02660,2024-04-24,France,54,F,New
CUST_02661,2023-12-11,USA,32,M,New
CUST_02662,2024-10-04,France,45,M,At-Risk
CUST_02663,2023-06-07,Brazil,38,F,At-Risk
CUST_02664,2024-05-09,Germany,36,F,New
CUST_02665,2024-03-19,UK,65,F,New
CUST_02666,2023-08-04,USA,20,M,Regular
CUST_02667,2023-04-10,France,53,M,New
CUST_02668,2024-04-20,France,45,M,Regular
CUST_02669,2024-06-23,Canada,32,F,New
CUST_02670,2023-08-19,USA,57,F,New
CUST_02671,2024-04-15,Brazil,18,F,Regular
CUST_02672,2023-10-16,Germany,31,M,At-Risk
CUST_02673,2024-06-04,Canada,23,F,Regular
CUST_02674,2023-05-26,Germany,42,M,New
CUST_02675,2024-10-11,Germany,24,M,At-Risk
CUST_02676,2023-07-29,Germany,43,F,Regular
CUST_02677,2023-09-26,Brazil,35,F,New
CUST_02678,2023-02-12,Japan,32,M,New
CUST_02679,2023-03-23,USA,42,M,New
CUST_02680,2024-01-12,USA,34,M,Regular
CUST_02681,2023-07-15,Australia,24,M,Regular
CUST_02682,2024-09-01,Germany,71,M,New
CUST_02683,2023-01-11,Germany,32,M,New
CUST_02684,2023-10-04,UK,18,M,New
CUST_02685,2023-09-04,USA,27,Other,Regular
CUST_02686,2023-01-15,Brazil,22,F,New
CUST_02687,2023-04-01,Brazil,47,F,New
CUST_02688,2023-10-29,USA,41,Other,At-Risk
CUST_02689,2023-12-26,USA,42,F,Regular
CUST_02690,2023-10-23,Canada,33,M,New
CUST_02691,2024-01-23,USA,34,M,Regular
CUST_02692,2024-03-10,Canada,33,F,New
CUST_02693,2023-01-08,USA,37,F,Regular
CUST_02694,2023-12-05,Germany,48,F,Regular
CUST_02695,2024-12-04,Australia,42,F,Regular
CUST_02696,2024-01-14,France,44,M,Regular
CUST_02697,2024-05-09,UK,43,M,New
CUST_02698,2023-08-16,France,48,M,Regular
CUST_02699,2024-07-19,USA,41,M,New
CUST_02700,2024-07-18,USA,42,M,New
CUST_02701,2024-01-16,Japan,52,M,At-Risk
CUST_02702,2024-12-13,Brazil,30,M,Regular
CUST_02703,2023-04-02,France,27,M,At-Risk
CUST_02704,2023-01-13,UK,23,M,New
CUST_02705,2024-07-16,USA,40,M,Regular
CUST_02706,2024-08-12,USA,18,M,New
CUST_02707,2023-03-29,Germany,43,M,Regular
CUST_02708,2023-07-13,Brazil,36,F,New
CUST_02709,2023-01-13,Germany,51,F,New
CUST_02710,2023-08-03,Canada,29,M,New
CUST_02711,2024-07-18,USA,35,M,Regular
CUST_02712,2024-01-14,UK,51,F,New
CUST_02713,2023-09-12,USA,54,F,VIP
CUST_02714,2023-09-29,UK,29,F,New
CUST_02715,2023-01-01,USA,40,M,New
CUST_02716,2023-08-07,Australia,41,F,New
CUST_02717,2024-04-16,USA,42,F,At-Risk
CUST_02718,2024-12-12,Australia,34,F,New
CUST_02719,2024-09-10,UK,53,M,New
CUST_02720,2023-01-18,Japan,18,F,VIP
CUST_02721,2024-10-17,Germany,32,F,New
CUST_02722,2024-07-25,Australia,43,F,Regular
CUST_02723,2024-07-23,USA,43,M,New
CUST_02724,2023-12-01,Brazil,54,F,Regular
CUST_02725,2023-10-18,Australia,52,M,New
CUST_02726,2023-08-10,USA,34,M,Regular
CUST_02727,2023-02-17,USA,53,F,VIP
CUST_02728,2023-06-16,UK,29,M,VIP
CUST_02729,2023-06-30,Australia,49,F,Regular
CUST_02730,2023-12-20,Germany,59,F,At-Risk
CUST_02731,2024-06-29,Germany,52,M,New
CUST_02732,2023-12-12,USA,39,F,New
CUST_02733,2023-02-12,USA,34,F,Regular
CUST_02734,2024-11-30,Brazil,19,M,Regular
CUST_02735,2024-11-19,USA,41,F,New
CUST_02736,2024-07-27,France,24,M,Regular
CUST_02737,2024-12-24,Australia,28,M,New
CUST_02738,2024-02-02,USA,23,M,Regular
CUST_02739,2024-12-03,France,32,M,VIP
CUST_02740,2023-02-25,USA,37,M,Regular
CUST_02741,2023-09-24,Germany,41,Other,New
CUST_02742,2023-06-14,USA,30,F,Regular
CUST_02743,2023-05-23,Brazil,50,F,Regular
CUST_02744,2023-04-13,USA,35,M,New
CUST_02745,2024-03-30,UK,28,F,Regular
CUST_02746,2024-07-24,Germany,40,M,At-Risk
CUST_02747,2024-02-27,USA,61,M,New
CUST_02748,2023-04-18,Brazil,42,M,New
CUST_02749,2024-08-15,USA,33,M,New
CUST_02750,2024-04-09,France,19,M,Regular
CUST_02751,2023-10-11,USA,35,F,At-Risk
CUST_02752,2024-05-07,France,40,F,Regular
CUST_02753,2023-07-09,USA,33,M,New
CUST_02754,2023-09-09,UK,18,M,Regular
CUST_02755,2024-10-31,USA,27,M,Regular
CUST_02756,2023-08-01,Brazil,55,Other,Regular
CUST_02757,2023-12-10,USA,55,F,New
CUST_02758,2024-10-11,Canada,27,F,Regular
CUST_02759,2024-05-31,Canada,46,F,Regular
CUST_02760,2023-02-15,USA,23,M,New
CUST_02761,2023-04-18,Germany,54,Other,Regular
CUST_02762,2023-01-06,USA,40,M,At-Risk
CUST_02763,2024-04-05,UK,49,M,New
CUST_02764,2023-11-23,France,18,F,At-Risk
CUST_02765,2023-04-09,France,46,M,New
CUST_02766,2024-11-30,France,37,F,Regular
CUST_02767,2024-01-22,USA,48,M,New
CUST_02768,2023-06-26,UK,48,F,New
CUST_02769,2024-01-01,USA,38,M,Regular
CUST_02770,2024-05-11,France,30,M,Regular
CUST_02771,2023-02-25,Germany,47,F,VIP
CUST_02772,2023-07-20,France,37,F,Regular
CUST_02773,2024-08-12,USA,27,Other,Regular
CUST_02774,2023-12-02,USA,26,F,At-Risk
CUST_02775,2024-02-04,USA,20,F,Regular
CUST_02776,2023-11-12,USA,31,F,New
CUST_02777,2023-02-02,USA,51,M,New
CUST_02778,2023-05-01,Brazil,40,M,New
CUST_02779,2023-11-22,Canada,31,M,Regular
CUST_02780,2023-06-02,Germany,47,F,New
CUST_02781,2023-02-06,UK,28,M,New
CUST_02782,2024-09-07,USA,39,F,New
CUST_02783,2024-12-17,Canada,35,F,Regular
CUST_02784,2024-08-01,USA,47,F,New
CUST_02785,2024-09-15,Australia,19,M,New
CUST_02786,2023-06-26,UK,27,M,Regular
CUST_02787,2024-12-02,USA,18,F,VIP
CUST_02788,2023-05-24,Australia,34,M,New
CUST_02789,2024-11-25,USA,52,M,Regular
CUST_02790,2024-12-27,Germany,31,M,New
CUST_02791,2024-06-03,Germany,31,M,At-Risk
CUST_02792,2024-12-17,USA,48,M,New
CUST_02793,2024-02-20,UK,50,F,At-Risk
CUST_02794,2023-07-09,France,36,M,At-Risk
CUST_02795,2023-11-16,Brazil,46,F,VIP
CUST_02796,2024-03-09,USA,25,M,New
CUST_02797,2023-02-23,Australia,54,F,Regular
CUST_02798,2024-03-30,USA,63,F,New
CUST_02799,2024-12-17,USA,44,M,At-Risk
CUST_02800,2023-05-19,USA,18,M,VIP
CUST_02801,2024-08-01,USA,31,M,At-Risk
CUST_02802,2024-10-24,USA,45,F,Regular
CUST_02803,2024-11-19,Japan,32,F,Regular
CUST_02804,2024-12-01,USA,53,F,Regular
CUST_02805,2024-01-16,USA,45,M,New
CUST_02806,2024-12-14,USA,29,M,Regular
CUST_02807,2024-07-06,France,38,M,Regular
CUST_02808,2023-04-29,Canada,27,M,At-Risk
CUST_02809,2023-12-15,USA,35,F,Regular
CUST_02810,2024-06-08,USA,31,M,At-Risk
CUST_02811,2023-06-30,USA,52,F,At-Risk
CUST_02812,2024-04-12,USA,63,F,Regular
CUST_02813,2024-05-01,USA,20,F,New
CUST_02814,2023-04-29,UK,18,M,Regular
CUST_02815,2024-02-17,USA,35,F,Regular
CUST_02816,2024-07-17,Germany,19,Other,New
CUST_02817,2023-12-31,USA,38,F,New
CUST_02818,2023-01-09,Australia,46,F,At-Risk
CUST_02819,2023-01-07,Australia,55,F,New
CUST_02820,2023-09-18,Germany,40,F,Regular
CUST_02821,2024-11-07,UK,35,M,VIP
CUST_02822,2023-06-16,UK,18,F,Regular
CUST_02823,2024-04-08,UK,38,F,Regular
CUST_02824,2023-06-12,Brazil,38,Other,Regular
CUST_02825,2023-08-23,UK,45,F,Regular
CUST_02826,2024-09-11,Canada,29,M,New
CUST_02827,2024-06-16,Australia,32,F,At-Risk
CUST_02828,2023-03-11,USA,20,Other,Regular
CUST_02829,2023-11-09,Germany,18,M,Regular
CUST_02830,2023-01-22,USA,24,M,Regular
CUST_02831,2023-12-18,USA,19,F,New
CUST_02832,2024-04-28,UK,42,M,At-Risk
CUST_02833,2023-03-28,USA,31,M,VIP
CUST_02834,2023-07-30,Canada,31,M,New
CUST_02835,2023-10-18,USA,26,F,At-Risk
CUST_02836,2024-11-02,UK,18,M,Regular
CUST_02837,2024-12-26,Germany,56,M,Regular
CUST_02838,2023-02-02,France,25,F,Regular
CUST_02839,2024-07-09,UK,33,F,New
CUST_02840,2023-09-29,Canada,20,Other,Regular
CUST_02841,2023-10-14,Germany,49,M,New
CUST_02842,2024-07-04,UK,39,F,Regular
CUST_02843,2024-11-01,USA,28,M,Regular
CUST_02844,2024-11-25,UK,33,F,At-Risk
CUST_02845,2024-02-26,Canada,58,F,Regular
CUST_02846,2023-09-18,Germany,37,M,New
CUST_02847,2024-07-28,Canada,35,F,At-Risk
CUST_02848,2023-07-03,UK,26,M,Regular
CUST_02849,2024-02-16,USA,18,F,Regular
CUST_02850,2023-09-19,USA,36,M,New
CUST_02851,2024-04-24,USA,41,F,At-Risk
CUST_02852,2023-06-25,France,51,M,At-Risk
CUST_02853,2023-05-20,Brazil,18,M,VIP
CUST_02854,2024-11-01,USA,24,Other,At-Risk
CUST_02855,2023-03-16,UK,31,F,New
CUST_02856,2024-01-05,UK,37,F,At-Risk
CUST_02857,2023-06-11,UK,36,M,Regular
CUST_02858,2023-01-29,USA,36,M,New
CUST_02859,2023-01-27,USA,42,F,Regular
CUST_02860,2023-05-08,USA,27,F,Regular
CUST_02861,2024-09-24,USA,49,M,New
CUST_02862,2023-07-26,USA,43,F,New
CUST_02863,2024-11-24,USA,34,M,New
CUST_02864,2024-02-29,France,57,M,New
CUST_02865,2023-11-15,USA,56,M,New
CUST_02866,2024-02-28,Japan,49,F,New
CUST_02867,2024-01-13,USA,18,F,New
CUST_02868,2024-07-07,USA,56,F,At-Risk
CUST_02869,2023-07-26,UK,47,F,VIP
CUST_02870,2023-09-15,USA,62,M,New
CUST_02871,2024-10-14,Canada,52,F,At-Risk
CUST_02872,2024-11-21,USA,56,F,Regular
CUST_02873,2024-10-13,Australia,48,F,Regular
CUST_02874,2023-11-03,Canada,54,M,Regular
CUST_02875,2024-07-23,Germany,61,F,Regular
CUST_02876,2023-12-14,Germany,40,F,New
CUST_02877,2023-12-30,France,19,Other,New
CUST_02878,2023-05-30,UK,34,Other,Regular
CUST_02879,2024-03-07,France,42,F,Regular
CUST_02880,2023-05-16,USA,38,M,VIP
CUST_02881,2023-08-31,USA,23,F,New
CUST_02882,2024-09-16,UK,18,F,Regular
CUST_02883,2023-06-01,Germany,29,F,Regular
CUST_02884,2023-02-21,Canada,47,M,At-Risk
CUST_02885,2023-02-20,USA,56,M,New
CUST_02886,2024-11-17,Canada,48,M,At-Risk
CUST_02887,2024-01-06,USA,50,M,VIP
CUST_02888,2023-10-26,UK,37,M,Regular
CUST_02889,2024-08-14,USA,18,F,Regular
CUST_02890,2024-09-02,UK,32,M,New
CUST_02891,2023-08-31,USA,34,M,At-Risk
CUST_02892,2024-05-21,Germany,32,M,New
CUST_02893,2024-07-16,Brazil,38,M,Regular
CUST_02894,2024-04-22,UK,43,Other,New
CUST_02895,2023-04-21,UK,48,M,Regular
CUST_02896,2024-10-01,Canada,34,M,Regular
CUST_02897,2024-01-29,France,18,F,At-Risk
CUST_02898,2023-07-26,UK,32,F,Regular
CUST_02899,2023-11-07,USA,38,M,At-Risk
CUST_02900,2023-01-28,Canada,52,F,Regular
CUST_02901,2023-04-04,Germany,31,F,New
CUST_02902,2024-07-12,USA,44,F,New
CUST_02903,2023-01-01,USA,41,F,Regular
CUST_02904,2023-11-01,Brazil,38,Other,New
CUST_02905,2024-01-17,USA,49,M,Regular
CUST_02906,2023-02-09,Japan,30,M,New
CUST_02907,2024-12-11,USA,31,M,Regular
CUST_02908,2023-06-15,Brazil,37,M,Regular
CUST_02909,2023-08-11,UK,30,F,Regular
CUST_02910,2023-08-10,UK,44,F,New
CUST_02911,2023-06-18,Canada,29,M,New
CUST_02912,2023-01-02,UK,40,M,New
CUST_02913,2024-06-16,Germany,36,M,New
CUST_02914,2024-12-06,USA,40,F,Regular
CUST_02915,2023-06-13,USA,32,F,Regular
CUST_02916,2024-04-29,USA,33,F,New
CUST_02917,2024-06-25,France,39,F,Regular
CUST_02918,2024-09-11,USA,40,F,Regular
CUST_02919,2023-11-05,USA,37,F,New
CUST_02920,2023-08-10,UK,58,M,Regular
CUST_02921,2023-08-26,France,26,F,New
CUST_02922,2024-06-04,France,37,F,Regular
CUST_02923,2024-08-19,USA,19,F,VIP
CUST_02924,2023-05-13,USA,42,Other,New
CUST_02925,2023-09-28,Australia,24,F,Regular
CUST_02926,2024-10-20,USA,34,F,Regular
CUST_02927,2024-08-11,Canada,33,F,New
CUST_02928,2024-12-19,Canada,41,M,Regular
CUST_02929,2024-07-04,Brazil,31,F,Regular
CUST_02930,2023-10-15,USA,30,F,Regular
CUST_02931,2024-03-07,Canada,55,M,Regular
CUST_02932,2024-04-27,Brazil,41,F,VIP
CUST_02933,2023-02-27,Germany,31,F,At-Risk
CUST_02934,2024-02-02,USA,34,F,Regular
CUST_02935,2024-06-01,USA,57,Other,At-Risk
CUST_02936,2023-05-03,USA,35,M,New
CUST_02937,2024-07-23,Germany,29,F,Regular
CUST_02938,2024-03-02,Germany,29,F,New
CUST_02939,2024-11-26,UK,31,M,New
CUST_02940,2023-01-31,UK,30,M,Regular
CUST_02941,2023-07-13,UK,22,F,Regular
CUST_02942,2024-03-15,France,24,F,Regular
CUST_02943,2023-08-05,Australia,28,F,Regular
CUST_02944,2024-06-05,USA,45,F,Regular
CUST_02945,2024-07-08,UK,33,M,Regular
CUST_02946,2023-03-16,USA,35,M,New
CUST_02947,2024-01-11,France,53,M,New
CUST_02948,2024-01-07,Brazil,53,Other,New
CUST_02949,2023-09-27,Australia,34,M,Regular
CUST_02950,2024-11-12,USA,30,Other,New
CUST_02951,2024-08-27,Australia,27,Other,New
CUST_02952,2024-05-23,USA,46,Other,Regular
CUST_02953,2024-06-05,Germany,35,M,Regular
CUST_02954,2023-12-04,USA,33,F,Regular
CUST_02955,2024-11-03,Canada,28,M,New
CUST_02956,2024-05-22,Germany,28,M,Regular
CUST_02957,2024-06-16,France,41,M,VIP
CUST_02958,2024-09-21,Canada,22,F,At-Risk
CUST_02959,2023-07-20,USA,49,M,Regular
CUST_02960,2024-08-12,USA,31,F,New
CUST_02961,2023-05-23,Canada,36,M,Regular
CUST_02962,2023-09-10,USA,21,M,New
CUST_02963,2023-09-02,USA,37,M,New
CUST_02964,2024-12-15,UK,34,F,New
CUST_02965,2024-09-17,Germany,37,F,VIP
CUST_02966,2024-05-26,USA,55,F,Regular
CUST_02967,2024-06-14,USA,40,F,Regular
CUST_02968,2024-02-15,USA,28,Other,Regular
CUST_02969,2024-11-22,UK,29,F,New
CUST_02970,2023-12-29,Canada,45,F,Regular
CUST_02971,2023-10-05,Japan,53,F,Regular
CUST_02972,2023-04-30,France,41,F,Regular
CUST_02973,2024-07-27,USA,46,F,VIP
CUST_02974,2024-06-20,Australia,45,F,New
CUST_02975,2023-10-08,Germany,55,F,VIP
CUST_02976,2023-01-19,USA,18,F,Regular
CUST_02977,2024-09-04,Australia,46,M,Regular
CUST_02978,2023-01-09,Brazil,49,F,Regular
CUST_02979,2024-05-28,Brazil,21,M,At-Risk
CUST_02980,2024-12-09,France,27,F,New
CUST_02981,2023-11-16,USA,27,F,Regular
CUST_02982,2023-06-21,USA,29,Other,Regular
CUST_02983,2024-05-29,France,32,M,New
CUST_02984,2024-08-19,USA,40,M,New
CUST_02985,2024-02-03,UK,48,M,VIP
CUST_02986,2024-12-06,Brazil,50,M,New
CUST_02987,2023-02-07,Brazil,27,F,New
CUST_02988,2024-01-04,UK,27,F,At-Risk
CUST_02989,2024-06-08,Brazil,53,F,Regular
CUST_02990,2024-09-21,Canada,45,F,New
CUST_02991,2023-05-11,France,38,M,Regular
CUST_02992,2024-08-07,USA,43,M,Regular
CUST_02993,2024-02-08,USA,37,M,VIP
CUST_02994,2023-10-17,USA,44,F,Regular
CUST_02995,2023-04-07,USA,33,F,VIP
CUST_02996,2024-09-23,USA,41,F,New
CUST_02997,2023-04-25,USA,19,M,Regular
CUST_02998,2023-08-15,UK,29,M,New
CUST_02999,2023-07-31,Australia,29,F,New
CUST_03000,2024-09-28,USA,33,M,Regular
CUST_03001,2024-05-06,Brazil,26,F,New
CUST_03002,2024-08-04,France,31,M,Regular
CUST_03003,2023-07-02,USA,19,M,VIP
CUST_03004,2024-04-01,Australia,44,F,New
CUST_03005,2024-02-22,Germany,37,M,New
CUST_03006,2024-08-30,UK,18,F,Regular
CUST_03007,2024-10-23,Brazil,27,F,At-Risk
CUST_03008,2023-01-09,USA,42,F,Regular
CUST_03009,2024-05-07,France,31,F,Regular
CUST_03010,2023-02-07,USA,29,F,New
CUST_03011,2024-02-05,Canada,37,M,New
CUST_03012,2023-07-29,UK,42,F,Regular
CUST_03013,2023-08-12,France,20,F,New
CUST_03014,2023-09-15,USA,44,M,At-Risk
CUST_03015,2024-03-29,France,28,F,Regular
CUST_03016,2023-09-01,Brazil,37,F,Regular
CUST_03017,2024-06-18,UK,37,F,VIP
CUST_03018,2023-10-23,Germany,31,F,VIP
CUST_03019,2023-02-19,UK,25,M,Regular
CUST_03020,2024-07-26,Canada,34,F,At-Risk
CUST_03021,2023-07-28,UK,57,M,At-Risk
CUST_03022,2023-11-12,Canada,21,M,At-Risk
CUST_03023,2024-05-15,Brazil,58,F,VIP
CUST_03024,2023-08-31,UK,34,F,Regular
CUST_03025,2023-02-11,USA,38,M,Regular
CUST_03026,2023-09-30,UK,24,F,New
CUST_03027,2024-11-20,Canada,28,Other,New
CUST_03028,2024-04-13,USA,31,F,New
CUST_03029,2024-05-05,Germany,25,F,New
CUST_03030,2024-04-06,Brazil,35,F,Regular
CUST_03031,2023-05-26,UK,33,M,New
CUST_03032,2023-11-02,France,60,M,At-Risk
CUST_03033,2024-07-02,USA,24,F,VIP
CUST_03034,2023-03-16,USA,39,F,New
CUST_03035,2023-07-22,Brazil,40,F,New
CUST_03036,2023-07-21,USA,25,F,VIP
CUST_03037,2023-11-12,USA,46,F,VIP
CUST_03038,2024-12-16,Canada,33,M,At-Risk
CUST_03039,2023-02-19,USA,18,M,At-Risk
CUST_03040,2024-01-14,Japan,45,M,At-Risk
CUST_03041,2023-05-11,Japan,24,F,Regular
CUST_03042,2024-12-09,USA,25,M,New
CUST_03043,2023-03-24,USA,46,F,VIP
CUST_03044,2023-10-22,France,33,M,New
CUST_03045,2024-06-22,UK,49,F,VIP
CUST_03046,2024-05-29,USA,52,M,Regular
CUST_03047,2023-11-05,France,30,F,VIP
CUST_03048,2023-09-10,USA,47,M,New
CUST_03049,2023-10-18,Canada,28,M,Regular
CUST_03050,2023-07-12,USA,64,F,Regular
CUST_03051,2023-05-30,USA,29,M,At-Risk
CUST_03052,2023-12-19,USA,50,F,New
CUST_03053,2023-07-16,Japan,48,F,At-Risk
CUST_03054,2023-07-29,France,41,F,VIP
CUST_03055,2024-04-24,Brazil,29,F,Regular
CUST_03056,2024-12-08,UK,36,M,VIP
CUST_03057,2024-03-16,USA,18,F,Regular
CUST_03058,2023-02-26,USA,40,M,New
CUST_03059,2023-02-25,UK,42,M,New
CUST_03060,2024-11-25,Germany,39,M,At-Risk
CUST_03061,2023-08-06,France,18,M,Regular
CUST_03062,2023-03-09,USA,22,F,New
CUST_03063,2024-03-13,Australia,29,F,Regular
CUST_03064,2024-03-31,USA,41,M,Regular
CUST_03065,2024-04-18,Japan,41,M,New
CUST_03066,2023-07-15,USA,35,M,Regular
CUST_03067,2023-01-12,UK,45,M,New
CUST_03068,2024-12-05,USA,25,F,New
CUST_03069,2023-07-03,UK,45,M,Regular
CUST_03070,2024-05-08,Germany,43,M,Regular
CUST_03071,2024-05-30,UK,42,F,New
CUST_03072,2024-03-21,UK,35,F,Regular
CUST_03073,2023-08-17,Brazil,59,F,New
CUST_03074,2023-07-17,France,43,F,New
CUST_03075,2024-03-12,Canada,26,M,New
CUST_03076,2024-09-24,USA,40,M,New
CUST_03077,2024-11-22,Germany,47,M,New
CUST_03078,2023-03-19,Germany,30,M,VIP
CUST_03079,2023-04-24,UK,51,F,Regular
CUST_03080,2024-11-20,UK,42,F,New
CUST_03081,2024-06-21,USA,18,M,New
CUST_03082,2024-10-06,USA,41,M,New
CUST_03083,2023-05-28,USA,33,M,VIP
CUST_03084,2024-03-04,USA,44,F,New
CUST_03085,2024-05-26,France,49,M,New
CUST_03086,2024-05-11,France,40,M,Regular
CUST_03087,2023-10-25,Australia,57,F,Regular
CUST_03088,2023-01-12,Brazil,35,M,New
CUST_03089,2024-03-01,USA,45,M,Regular
CUST_03090,2023-07-04,Canada,47,M,New
CUST_03091,2023-11-25,Canada,36,M,New
CUST_03092,2024-11-30,UK,47,M,Regular
CUST_03093,2023-10-19,Germany,30,M,Regular
CUST_03094,2024-09-05,Japan,32,F,Regular
CUST_03095,2023-05-18,Germany,22,F,New
CUST_03096,2024-05-05,Australia,40,F,Regular
CUST_03097,2024-12-14,USA,41,F,New
CUST_03098,2023-03-16,USA,52,M,Regular
CUST_03099,2023-01-07,UK,47,F,Regular
CUST_03100,2023-11-13,Germany,34,M,New
CUST_03101,2023-03-09,Brazil,23,M,Regular
CUST_03102,2024-06-30,Japan,43,M,Regular
CUST_03103,2024-10-29,UK,51,M,New
CUST_03104,2023-11-13,USA,47,Other,At-Risk
CUST_03105,2023-07-08,Brazil,51,M,VIP
CUST_03106,2023-11-14,Germany,35,M,New
CUST_03107,2024-06-12,USA,32,M,At-Risk
CUST_03108,2023-01-07,UK,29,M,Regular
CUST_03109,2024-03-06,Brazil,37,M,Regular
CUST_03110,2024-03-23,Brazil,37,M,VIP
CUST_03111,2024-04-10,UK,40,M,Regular
CUST_03112,2023-06-26,USA,36,F,New
CUST_03113,2024-06-05,Japan,36,M,At-Risk
CUST_03114,2023-03-08,France,28,M,New
CUST_03115,2023-05-26,UK,49,F,New
CUST_03116,2024-10-02,USA,38,Other,New
CUST_03117,2024-06-23,Brazil,35,M,At-Risk
CUST_03118,2023-01-11,USA,29,M,At-Risk
CUST_03119,2023-07-01,USA,22,Other,New
CUST_03120,2023-06-06,Germany,53,M,At-Risk
CUST_03121,2023-07-17,USA,44,F,New
CUST_03122,2023-06-30,France,18,M,At-Risk
CUST_03123,2023-02-15,USA,47,F,Regular
CUST_03124,2023-12-02,France,49,Other,New
CUST_03125,2024-06-18,USA,39,F,New
CUST_03126,2024-03-18,USA,57,M,New
CUST_03127,2024-05-06,USA,40,M,New
CUST_03128,2023-03-01,Australia,20,M,VIP
CUST_03129,2024-11-25,Canada,42,F,New
CUST_03130,2024-09-04,USA,40,F,At-Risk
CUST_03131,2024-08-10,Brazil,30,M,Regular
CUST_03132,2024-08-23,Germany,44,F,Regular
CUST_03133,2024-11-11,Japan,18,M,New
CUST_03134,2024-02-02,UK,49,M,At-Risk
CUST_03135,2023-05-27,France,27,F,Regular
CUST_03136,2024-03-26,USA,26,M,At-Risk
CUST_03137,2024-06-26,UK,36,M,At-Risk
CUST_03138,2024-06-22,Japan,43,M,New
CUST_03139,2024-01-16,Germany,39,F,New
CUST_03140,2023-02-19,USA,29,F,VIP
CUST_03141,2023-09-28,USA,31,F,At-Risk
CUST_03142,2024-11-03,France,24,F,Regular
CUST_03143,2024-03-02,France,35,F,New
CUST_03144,2024-01-28,UK,50,M,Regular
CUST_03145,2023-07-16,Australia,37,Other,New
CUST_03146,2023-09-26,USA,48,F,New
CUST_03147,2024-10-15,USA,55,F,Regular
CUST_03148,2024-05-01,Australia,30,F,New
CUST_03149,2024-07-28,USA,35,F,Regular
CUST_03150,2023-11-28,USA,64,M,At-Risk
CUST_03151,2024-04-05,Germany,55,M,VIP
CUST_03152,2023-07-01,Canada,18,F,At-Risk
CUST_03153,2024-05-29,USA,42,F,VIP
CUST_03154,2023-11-09,Australia,38,F,New
CUST_03155,2023-11-20,Brazil,47,M,VIP
CUST_03156,2024-04-19,USA,29,M,At-Risk
CUST_03157,2024-11-14,France,27,F,At-Risk
CUST_03158,2023-02-16,UK,29,F,Regular
CUST_03159,2024-08-25,UK,31,F,New
CUST_03160,2023-08-02,Brazil,47,M,New
CUST_03161,2023-11-21,Japan,23,F,New
CUST_03162,2023-01-16,USA,30,F,At-Risk
CUST_03163,2023-08-08,UK,18,F,Regular
CUST_03164,2024-01-02,UK,50,M,At-Risk
CUST_03165,2023-02-11,UK,53,M,Regular
CUST_03166,2023-12-25,UK,34,F,Regular
CUST_03167,2024-11-07,USA,34,M,New
CUST_03168,2023-03-18,France,43,F,New
CUST_03169,2024-07-12,UK,55,F,Regular
CUST_03170,2023-10-27,USA,42,F,Regular
CUST_03171,2024-04-23,Brazil,29,M,New
CUST_03172,2023-07-09,Brazil,18,M,VIP
CUST_03173,2023-04-27,UK,24,F,New
CUST_03174,2023-04-28,USA,38,F,VIP
CUST_03175,2023-02-21,France,30,M,New
CUST_03176,2023-05-16,USA,40,M,Regular
CUST_03177,2024-04-29,USA,31,Other,New
CUST_03178,2024-10-05,Brazil,25,M,VIP
CUST_03179,2024-08-17,USA,23,F,Regular
CUST_03180,2024-05-15,USA,56,M,Regular
CUST_03181,2023-03-22,USA,48,F,At-Risk
CUST_03182,2023-07-31,USA,58,F,New
CUST_03183,2023-08-15,USA,44,F,New
CUST_03184,2023-07-02,Japan,32,M,VIP
CUST_03185,2024-01-11,USA,53,F,Regular
CUST_03186,2024-01-26,USA,37,M,New
CUST_03187,2023-09-18,USA,40,F,Regular
CUST_03188,2023-09-16,Australia,37,F,New
CUST_03189,2024-08-27,Germany,18,F,New
CUST_03190,2024-07-30,UK,57,M,Regular
CUST_03191,2023-08-13,Canada,43,F,VIP
CUST_03192,2024-10-29,UK,41,M,Regular
CUST_03193,2024-11-26,USA,37,M,Regular
CUST_03194,2023-08-27,USA,39,M,At-Risk
CUST_03195,2023-09-16,UK,30,M,New
CUST_03196,2024-01-05,USA,45,M,Regular
CUST_03197,2024-11-18,France,22,M,At-Risk
CUST_03198,2024-10-01,USA,40,F,New
CUST_03199,2023-03-16,Germany,44,M,New
CUST_03200,2023-10-14,USA,35,F,At-Risk
CUST_03201,2024-02-08,USA,42,M,At-Risk
CUST_03202,2024-01-03,UK,26,F,New
CUST_03203,2023-05-22,Australia,26,F,New
CUST_03204,2024-09-18,UK,40,Other,New
CUST_03205,2024-05-09,France,46,F,New
CUST_03206,2024-09-03,USA,18,M,Regular
CUST_03207,2024-09-18,USA,44,F,Regular
CUST_03208,2024-06-30,USA,31,M,At-Risk
CUST_03209,2023-11-17,USA,35,F,New
CUST_03210,2024-03-21,USA,21,M,VIP
CUST_03211,2023-04-28,USA,27,M,New
CUST_03212,2024-05-06,Brazil,49,M,New
CUST_03213,2023-05-11,USA,38,F,Regular
CUST_03214,2024-05-21,Germany,33,F,New
CUST_03215,2023-06-17,UK,36,F,New
CUST_03216,2023-03-27,Germany,43,F,At-Risk
CUST_03217,2023-05-01,Germany,43,M,New
CUST_03218,2023-01-02,USA,37,F,Regular
CUST_03219,2024-06-08,USA,51,F,New
CUST_03220,2024-06-18,Brazil,49,F,New
CUST_03221,2024-01-11,Canada,42,F,Regular
CUST_03222,2023-04-28,USA,38,F,VIP
CUST_03223,2023-03-02,USA,45,F,Regular
CUST_03224,2023-01-14,Canada,41,M,Regular
CUST_03225,2023-05-01,USA,50,M,At-Risk
CUST_03226,2024-10-12,Germany,48,M,VIP
CUST_03227,2023-06-26,UK,25,M,New
CUST_03228,2023-09-16,USA,24,M,Regular
CUST_03229,2023-03-18,Germany,29,Other,Regular
CUST_03230,2023-06-12,Germany,49,M,Regular
CUST_03231,2024-01-15,USA,19,F,Regular
CUST_03232,2024-03-19,UK,42,F,New
CUST_03233,2023-06-29,Brazil,42,M,Regular
CUST_03234,2023-02-12,Germany,51,M,Regular
CUST_03235,2023-10-13,USA,40,F,Regular
CUST_03236,2023-06-20,Germany,21,F,At-Risk
CUST_03237,2023-06-10,France,26,Other,At-Risk
CUST_03238,2024-12-01,Brazil,23,M,Regular
CUST_03239,2024-03-25,France,31,F,Regular
CUST_03240,2024-02-11,USA,35,M,Regular
CUST_03241,2023-10-31,France,24,F,Regular
CUST_03242,2023-11-10,France,55,F,At-Risk
CUST_03243,2024-01-30,USA,22,M,Regular
CUST_03244,2024-05-23,UK,54,M,New
CUST_03245,2024-05-27,USA,52,M,Regular
CUST_03246,2023-05-06,France,48,M,Regular
CUST_03247,2024-01-01,USA,29,F,Regular
CUST_03248,2023-10-28,Germany,42,M,Regular
CUST_03249,2024-09-27,Australia,22,F,New
CUST_03250,2024-04-05,Brazil,48,M,New
CUST_03251,2024-01-24,Australia,37,F,New
CUST_03252,2023-03-26,Japan,33,F,Regular
CUST_03253,2024-03-18,USA,23,F,New
CUST_03254,2023-03-27,France,18,F,VIP
CUST_03255,2023-09-04,UK,25,M,New
CUST_03256,2023-04-15,Canada,51,F,At-Risk
CUST_03257,2024-05-20,USA,33,M,New
CUST_03258,2023-05-31,Japan,35,M,New
CUST_03259,2023-10-14,Germany,45,M,Regular
CUST_03260,2024-10-15,Brazil,59,F,New
CUST_03261,2023-05-30,USA,53,F,At-Risk
CUST_03262,2024-01-06,USA,26,F,New
CUST_03263,2023-11-03,Brazil,18,M,Regular
CUST_03264,2023-01-14,USA,66,M,At-Risk
CUST_03265,2024-08-01,Brazil,65,F,New
CUST_03266,2023-02-20,USA,40,F,New
CUST_03267,2023-12-13,France,22,M,New
CUST_03268,2024-02-14,UK,49,F,Regular
CUST_03269,2024-04-03,Germany,36,M,New
CUST_03270,2024-05-17,France,36,M,Regular
CUST_03271,2023-07-04,USA,48,M,VIP
CUST_03272,2023-01-08,USA,42,M,At-Risk
CUST_03273,2024-06-12,USA,23,M,New
CUST_03274,2024-01-27,Germany,34,F,New
CUST_03275,2024-09-02,Germany,45,F,New
CUST_03276,2024-08-22,Brazil,44,F,Regular
CUST_03277,2024-09-07,Germany,41,F,New
CUST_03278,2023-12-21,UK,49,F,VIP
CUST_03279,2023-09-01,UK,33,M,Regular
CUST_03280,2024-07-31,USA,40,F,New
CUST_03281,2023-11-26,USA,18,F,Regular
CUST_03282,2023-05-14,Japan,32,M,New
CUST_03283,2024-09-16,Canada,47,M,New
CUST_03284,2024-10-06,USA,33,F,New
CUST_03285,2023-12-07,Germany,32,F,New
CUST_03286,2023-02-25,Canada,25,M,Regular
CUST_03287,2023-10-11,UK,50,F,Regular
CUST_03288,2024-08-09,USA,44,F,New
CUST_03289,2024-10-20,USA,47,M,At-Risk
CUST_03290,2023-05-29,Germany,18,F,Regular
CUST_03291,2023-02-18,Japan,36,F,New
CUST_03292,2024-10-02,France,34,M,New
CUST_03293,2023-10-12,USA,34,Other,Regular
CUST_03294,2024-01-31,USA,30,M,At-Risk
CUST_03295,2024-12-07,Brazil,33,M,Regular
CUST_03296,2023-02-18,Canada,48,M,At-Risk
CUST_03297,2024-04-18,Germany,18,F,Regular
CUST_03298,2023-02-24,France,59,F,Regular
CUST_03299,2023-10-02,USA,43,M,Regular
CUST_03300,2024-08-09,Canada,37,M,Regular
CUST_03301,2023-11-13,Brazil,48,M,New
CUST_03302,2024-12-28,USA,20,F,At-Risk
CUST_03303,2024-02-13,France,30,F,New
CUST_03304,2023-08-23,USA,36,F,Regular
CUST_03305,2023-06-10,USA,54,F,Regular
CUST_03306,2023-09-13,USA,37,F,Regular
CUST_03307,2023-09-29,USA,43,M,New
CUST_03308,2023-02-20,USA,30,M,Regular
CUST_03309,2023-09-27,UK,43,F,Regular
CUST_03310,2023-12-05,Germany,58,F,Regular
CUST_03311,2024-06-11,UK,49,M,VIP
CUST_03312,2024-04-24,USA,37,F,Regular
CUST_03313,2024-06-01,USA,46,F,New
CUST_03314,2023-01-07,Germany,44,M,At-Risk
CUST_03315,2023-06-08,UK,44,F,VIP
CUST_03316,2024-04-28,USA,51,F,New
CUST_03317,2023-12-20,Canada,51,M,New
CUST_03318,2023-01-04,Brazil,36,F,New
CUST_03319,2024-08-10,Canada,45,M,Regular
CUST_03320,2024-07-18,UK,33,M,At-Risk
CUST_03321,2024-02-05,USA,26,F,VIP
CUST_03322,2023-02-18,France,34,M,At-Risk
CUST_03323,2024-07-13,USA,37,M,New
CUST_03324,2024-03-02,UK,18,M,Regular
CUST_03325,2024-07-24,USA,48,M,New
CUST_03326,2024-07-02,Canada,18,M,New
CUST_03327,2024-08-09,USA,70,F,Regular
CUST_03328,2024-01-14,Australia,56,M,New
CUST_03329,2023-04-13,Canada,34,F,Regular
CUST_03330,2024-05-04,UK,38,F,Regular
CUST_03331,2024-03-28,Brazil,41,M,VIP
CUST_03332,2024-06-25,Germany,30,F,New
CUST_03333,2023-05-05,Brazil,40,F,VIP
CUST_03334,2023-05-23,UK,36,M,At-Risk
CUST_03335,2024-10-11,Brazil,36,M,At-Risk
CUST_03336,2024-07-01,UK,40,F,VIP
CUST_03337,2024-10-25,Australia,22,Other,Regular
CUST_03338,2024-07-07,UK,38,M,Regular
CUST_03339,2024-03-11,UK,39,M,Regular
CUST_03340,2024-04-22,Brazil,39,M,Regular
CUST_03341,2024-10-11,Canada,35,M,Regular
CUST_03342,2024-02-27,Germany,51,F,VIP
CUST_03343,2024-04-06,USA,33,M,Regular
CUST_03344,2023-04-25,UK,40,M,New
CUST_03345,2023-12-12,Japan,53,M,Regular
CUST_03346,2024-06-06,Brazil,37,M,New
CUST_03347,2023-07-17,Brazil,40,M,New
CUST_03348,2023-05-28,USA,36,M,New
CUST_03349,2023-08-18,UK,52,M,New
CUST_03350,2023-06-26,France,34,F,VIP
CUST_03351,2023-06-06,Canada,53,F,Regular
CUST_03352,2023-11-07,USA,36,M,New
CUST_03353,2024-10-24,Canada,27,F,Regular
CUST_03354,2024-01-06,Germany,46,M,New
CUST_03355,2023-05-18,USA,34,F,Regular
CUST_03356,2023-02-26,USA,45,M,Regular
CUST_03357,2024-05-23,USA,18,M,At-Risk
CUST_03358,2023-10-07,Germany,38,F,New
CUST_03359,2024-08-22,USA,32,M,Regular
CUST_03360,2024-04-26,USA,25,M,At-Risk
CUST_03361,2024-08-04,Brazil,31,F,At-Risk
CUST_03362,2023-07-18,USA,31,F,New
CUST_03363,2024-05-20,USA,37,F,Regular
CUST_03364,2023-07-12,UK,21,M,New
CUST_03365,2024-11-16,Germany,41,F,Regular
CUST_03366,2024-04-09,Brazil,54,M,New
CUST_03367,2023-08-25,UK,41,M,VIP
CUST_03368,2023-07-16,Brazil,47,F,New
CUST_03369,2023-05-20,Germany,51,F,Regular
CUST_03370,2024-05-22,USA,52,F,Regular
CUST_03371,2023-06-09,USA,60,F,At-Risk
CUST_03372,2024-03-10,UK,32,M,Regular
CUST_03373,2023-07-13,UK,29,M,New
CUST_03374,2024-04-28,Brazil,47,M,New
CUST_03375,2024-08-17,Germany,46,F,New
CUST_03376,2024-07-21,UK,47,M,VIP
CUST_03377,2024-07-09,USA,60,F,Regular
CUST_03378,2023-05-18,USA,38,F,Regular
CUST_03379,2023-03-06,Germany,43,F,New
CUST_03380,2024-05-25,UK,26,F,VIP
CUST_03381,2023-09-26,Germany,63,Other,Regular
CUST_03382,2023-11-12,USA,33,F,At-Risk
CUST_03383,2023-01-23,France,34,F,Regular
CUST_03384,2023-07-09,Canada,33,M,New
CUST_03385,2023-01-25,USA,30,M,New
CUST_03386,2024-10-03,UK,29,F,New
CUST_03387,2023-06-27,Japan,31,Other,Regular
CUST_03388,2024-02-11,USA,21,M,Regular
CUST_03389,2023-01-29,Germany,28,M,New
CUST_03390,2024-05-01,USA,61,F,New
CUST_03391,2023-08-24,Germany,46,F,New
CUST_03392,2024-10-17,USA,49,M,At-Risk
CUST_03393,2024-10-10,Australia,52,F,New
CUST_03394,2023-08-26,France,60,Other,New
CUST_03395,2024-10-19,Brazil,18,F,New
CUST_03396,2024-12-28,France,23,M,Regular
CUST_03397,2024-08-25,Germany,28,M,Regular
CUST_03398,2024-09-08,UK,32,M,At-Risk
CUST_03399,2023-07-01,Canada,34,M,New
CUST_03400,2024-02-25,Australia,32,M,Regular
CUST_03401,2023-02-19,UK,40,F,New
CUST_03402,2023-03-11,Australia,38,M,At-Risk
CUST_03403,2024-12-30,Germany,29,F,New
CUST_03404,2023-08-27,Germany,18,F,New
CUST_03405,2024-06-30,UK,26,M,Regular
CUST_03406,2024-08-11,USA,31,Other,New
CUST_03407,2024-09-18,USA,35,F,New
CUST_03408,2024-12-29,USA,24,F,Regular
CUST_03409,2023-06-26,Germany,32,M,Regular
CUST_03410,2023-01-30,UK,24,F,Regular
CUST_03411,2023-10-28,UK,36,M,Regular
CUST_03412,2023-04-05,Japan,25,F,Regular
CUST_03413,2023-01-17,UK,27,M,Regular
CUST_03414,2023-09-21,UK,22,F,Regular
CUST_03415,2024-07-26,USA,36,M,Regular
CUST_03416,2024-02-18,USA,27,M,New
CUST_03417,2023-08-17,Brazil,48,F,New
CUST_03418,2024-04-22,Germany,42,F,Regular
CUST_03419,2023-06-19,Brazil,37,M,Regular
CUST_03420,2023-01-11,USA,28,M,VIP
CUST_03421,2024-07-11,Germany,42,F,New
CUST_03422,2024-03-31,USA,46,F,New
CUST_03423,2024-07-10,USA,39,M,New
CUST_03424,2023-01-29,USA,57,F,New
CUST_03425,2024-09-03,USA,43,F,Regular
CUST_03426,2024-03-28,USA,48,M,Regular
CUST_03427,2024-02-16,USA,39,F,Regular
CUST_03428,2024-03-31,Japan,46,F,Regular
CUST_03429,2024-09-23,USA,28,F,At-Risk
CUST_03430,2024-03-04,USA,32,M,At-Risk
CUST_03431,2024-02-29,USA,42,F,Regular
CUST_03432,2024-12-24,Germany,42,M,At-Risk
CUST_03433,2024-07-06,USA,44,F,Regular
CUST_03434,2023-11-19,Canada,51,M,At-Risk
CUST_03435,2024-05-31,Japan,20,F,VIP
CUST_03436,2023-10-12,USA,26,F,At-Risk
CUST_03437,2023-06-17,UK,40,M,Regular
CUST_03438,2024-03-11,USA,29,F,VIP
CUST_03439,2024-11-08,France,78,F,Regular
CUST_03440,2024-11-09,UK,44,M,New
CUST_03441,2023-09-07,USA,37,F,New
CUST_03442,2024-01-21,USA,31,F,At-Risk
CUST_03443,2023-06-04,France,32,M,New
CUST_03444,2024-12-27,UK,38,Other,Regular
CUST_03445,2024-12-17,USA,39,F,New
CUST_03446,2024-04-19,France,32,M,New
CUST_03447,2024-08-10,Germany,34,F,At-Risk
CUST_03448,2024-06-06,Canada,54,M,At-Risk
CUST_03449,2024-03-09,USA,54,F,Regular
CUST_03450,2023-02-08,Brazil,41,F,New
CUST_03451,2023-11-28,France,21,M,Regular
CUST_03452,2024-05-07,USA,44,F,Regular
CUST_03453,2024-05-09,France,56,F,New
CUST_03454,2023-09-30,UK,54,M,New
CUST_03455,2024-11-18,Australia,46,F,Regular
CUST_03456,2023-05-03,USA,55,F,New
CUST_03457,2024-01-01,France,38,M,Regular
CUST_03458,2024-05-19,UK,45,F,New
CUST_03459,2024-05-23,Australia,29,M,Regular
CUST_03460,2024-04-18,USA,41,M,New
CUST_03461,2023-07-20,Japan,53,F,At-Risk
CUST_03462,2023-04-25,Australia,30,F,Regular
CUST_03463,2024-04-09,USA,27,F,New
CUST_03464,2024-03-13,Brazil,39,M,Regular
CUST_03465,2023-05-11,Japan,35,F,At-Risk
CUST_03466,2024-05-29,USA,45,Other,VIP
CUST_03467,2023-11-29,UK,32,M,Regular
CUST_03468,2024-05-02,Germany,58,M,New
CUST_03469,2024-09-03,USA,22,F,Regular
CUST_03470,2023-05-04,USA,53,M,VIP
CUST_03471,2023-01-14,USA,28,M,Regular
CUST_03472,2024-07-22,USA,18,F,At-Risk
CUST_03473,2024-03-21,UK,40,Other,New
CUST_03474,2024-05-25,USA,34,F,New
CUST_03475,2024-09-03,Canada,24,F,At-Risk
CUST_03476,2024-08-09,France,18,F,Regular
CUST_03477,2024-12-02,USA,37,F,New
CUST_03478,2024-01-27,France,49,M,New
CUST_03479,2023-12-23,France,45,M,At-Risk
CUST_03480,2023-10-21,Australia,38,M,New
CUST_03481,2023-04-23,USA,43,M,New
CUST_03482,2024-02-23,USA,37,M,New
CUST_03483,2023-07-22,Australia,20,M,At-Risk
CUST_03484,2024-11-03,Australia,20,M,At-Risk
CUST_03485,2024-03-01,Brazil,35,M,Regular
CUST_03486,2024-03-08,Brazil,36,F,Regular
CUST_03487,2023-09-17,USA,48,M,New
CUST_03488,2023-02-07,Germany,47,F,New
CUST_03489,2023-01-24,USA,45,M,VIP
CUST_03490,2023-11-06,USA,34,F,New
CUST_03491,2023-03-03,Brazil,21,F,Regular
CUST_03492,2024-03-18,USA,42,F,Regular
CUST_03493,2024-10-05,UK,44,F,New
CUST_03494,2024-10-06,Australia,18,F,Regular
CUST_03495,2024-04-26,USA,27,M,Regular
CUST_03496,2023-06-04,Japan,29,Other,Regular
CUST_03497,2024-09-21,Japan,39,F,New
CUST_03498,2024-10-08,Germany,28,F,New
CUST_03499,2023-05-24,USA,37,M,Regular
CUST_03500,2024-06-22,USA,35,F,At-Risk
CUST_03501,2023-07-29,UK,36,F,New
CUST_03502,2024-08-08,USA,29,F,At-Risk
CUST_03503,2024-12-28,USA,30,F,Regular
CUST_03504,2023-01-22,Japan,25,M,VIP
CUST_03505,2024-10-17,USA,42,M,New
CUST_03506,2024-03-30,Brazil,44,M,New
CUST_03507,2024-12-11,USA,28,M,New
CUST_03508,2023-12-06,Germany,56,M,New
CUST_03509,2024-09-10,Australia,34,M,At-Risk
CUST_03510,2023-02-15,USA,56,M,New
CUST_03511,2023-09-02,USA,30,F,Regular
CUST_03512,2023-02-18,France,18,M,New
CUST_03513,2024-12-13,France,42,F,Regular
CUST_03514,2024-08-19,France,40,F,New
CUST_03515,2024-09-14,USA,38,F,New
CUST_03516,2024-11-15,USA,30,M,New
CUST_03517,2023-03-04,Australia,37,F,VIP
CUST_03518,2023-10-09,Australia,31,F,New
CUST_03519,2023-02-21,UK,34,Other,New
CUST_03520,2023-06-03,Canada,48,F,New
CUST_03521,2023-06-17,UK,40,F,At-Risk
CUST_03522,2023-12-09,UK,45,F,Regular
CUST_03523,2023-07-16,USA,35,M,Regular
CUST_03524,2023-03-15,UK,33,M,Regular
CUST_03525,2023-05-03,Germany,24,F,New
CUST_03526,2023-04-18,USA,33,M,Regular
CUST_03527,2024-12-11,UK,18,M,New
CUST_03528,2024-07-08,Brazil,30,F,Regular
CUST_03529,2024-12-07,France,37,M,Regular
CUST_03530,2023-11-18,France,44,F,Regular
CUST_03531,2023-07-23,Australia,34,F,New
CUST_03532,2024-08-05,USA,42,M,New
CUST_03533,2023-08-27,Germany,18,M,VIP
CUST_03534,2023-08-07,Brazil,37,M,Regular
CUST_03535,2023-06-19,Germany,18,M,New
CUST_03536,2023-04-05,USA,23,M,New
CUST_03537,2023-07-07,USA,35,M,At-Risk
CUST_03538,2023-09-17,Canada,53,M,VIP
CUST_03539,2024-05-07,UK,42,M,At-Risk
CUST_03540,2023-02-15,Canada,38,F,New
CUST_03541,2023-06-03,Germany,37,F,Regular
CUST_03542,2024-08-13,France,29,F,New
CUST_03543,2023-04-18,Brazil,31,F,Regular
CUST_03544,2023-09-08,France,43,M,New
CUST_03545,2024-09-23,UK,21,F,New
CUST_03546,2023-04-24,Germany,45,M,New
CUST_03547,2023-03-02,Brazil,33,M,Regular
CUST_03548,2023-12-20,UK,47,F,Regular
CUST_03549,2023-08-09,UK,49,M,Regular
CUST_03550,2024-02-16,USA,18,M,At-Risk
CUST_03551,2024-08-09,Australia,31,F,Regular
CUST_03552,2023-04-11,USA,27,F,Regular
CUST_03553,2024-02-28,France,18,M,At-Risk
CUST_03554,2024-01-05,UK,25,M,Regular
CUST_03555,2023-04-16,UK,67,F,New
CUST_03556,2024-03-31,France,45,F,At-Risk
CUST_03557,2023-07-19,USA,61,M,New
CUST_03558,2023-12-23,Germany,47,F,Regular
CUST_03559,2023-03-02,Brazil,29,F,New
CUST_03560,2023-12-02,Canada,33,M,Regular
CUST_03561,2023-08-12,USA,45,F,Regular
CUST_03562,2024-08-23,Canada,43,F,New
CUST_03563,2023-02-11,France,31,M,Regular
CUST_03564,2023-11-02,Canada,19,F,VIP
CUST_03565,2023-12-01,UK,77,M,New
CUST_03566,2024-06-13,Germany,36,F,New
CUST_03567,2024-02-24,Australia,34,F,New
CUST_03568,2024-05-02,Canada,39,M,VIP
CUST_03569,2024-07-21,UK,35,F,Regular
CUST_03570,2024-09-21,USA,39,F,At-Risk
CUST_03571,2023-08-18,UK,53,M,New
CUST_03572,2024-01-28,UK,36,M,New
CUST_03573,2024-09-05,USA,24,M,New
CUST_03574,2024-12-23,USA,36,F,New
CUST_03575,2024-10-11,Canada,32,Other,Regular
CUST_03576,2023-09-29,USA,55,F,At-Risk
CUST_03577,2023-05-23,France,52,M,New
CUST_03578,2023-12-24,USA,39,F,At-Risk
CUST_03579,2024-06-25,USA,22,M,New
CUST_03580,2023-12-26,USA,23,M,At-Risk
CUST_03581,2023-12-19,USA,38,F,New
CUST_03582,2024-09-03,Brazil,42,M,At-Risk
CUST_03583,2023-09-21,Canada,33,F,New
CUST_03584,2024-09-19,USA,32,F,At-Risk
CUST_03585,2023-10-24,UK,30,F,New
CUST_03586,2023-08-28,UK,37,F,New
CUST_03587,2023-11-28,Canada,18,M,Regular
CUST_03588,2024-07-10,Brazil,24,Other,New
CUST_03589,2023-04-02,Germany,30,F,Regular
CUST_03590,2023-05-24,France,52,F,At-Risk
CUST_03591,2024-11-25,Canada,28,M,Regular
CUST_03592,2023-05-09,USA,40,F,Regular
CUST_03593,2024-02-19,UK,40,F,New
CUST_03594,2024-02-27,Australia,53,M,Regular
CUST_03595,2023-12-24,Brazil,53,F,Regular
CUST_03596,2024-04-15,Germany,37,F,At-Risk
CUST_03597,2023-06-17,Germany,32,M,New
CUST_03598,2024-02-08,USA,30,M,Regular
CUST_03599,2023-09-29,Germany,35,F,New
CUST_03600,2024-04-28,France,32,M,New
CUST_03601,2023-04-14,UK,44,F,New
CUST_03602,2024-02-21,France,43,F,New
CUST_03603,2023-05-16,Canada,45,M,New
CUST_03604,2023-07-23,USA,53,F,New
CUST_03605,2023-06-09,UK,60,F,VIP
CUST_03606,2023-05-14,UK,39,F,New
CUST_03607,2024-08-25,France,51,F,At-Risk
CUST_03608,2023-07-28,USA,33,F,New
CUST_03609,2024-11-07,France,52,M,New
CUST_03610,2024-12-09,Canada,50,M,Regular
CUST_03611,2024-02-22,UK,50,M,Regular
CUST_03612,2023-04-15,Australia,39,M,Regular
CUST_03613,2023-10-01,Japan,29,F,Regular
CUST_03614,2024-08-05,USA,21,M,New
CUST_03615,2023-09-26,USA,37,F,Regular
CUST_03616,2023-03-05,Australia,56,M,Regular
CUST_03617,2024-02-11,Australia,34,M,New
CUST_03618,2024-09-08,USA,47,F,VIP
CUST_03619,2024-08-04,USA,48,M,Regular
CUST_03620,2023-05-08,USA,34,F,New
CUST_03621,2024-05-06,Japan,53,M,VIP
CUST_03622,2023-06-10,USA,18,F,At-Risk
CUST_03623,2023-06-09,Germany,23,F,Regular
CUST_03624,2024-09-30,Canada,27,F,New
CUST_03625,2023-07-02,USA,28,M,At-Risk
CUST_03626,2023-07-12,Germany,42,F,New
CUST_03627,2023-01-01,USA,41,F,New
CUST_03628,2024-09-27,Canada,42,F,New
CUST_03629,2024-08-01,USA,45,M,Regular
CUST_03630,2024-04-02,France,26,M,At-Risk
CUST_03631,2024-07-01,France,23,M,Regular
CUST_03632,2023-04-21,USA,42,M,At-Risk
CUST_03633,2023-12-01,USA,30,F,New
CUST_03634,2023-09-14,UK,19,M,New
CUST_03635,2023-03-10,USA,49,M,Regular
CUST_03636,2023-12-21,Brazil,54,F,At-Risk
CUST_03637,2024-11-03,Brazil,56,F,Regular
CUST_03638,2023-01-30,UK,40,F,New
CUST_03639,2023-08-01,Germany,45,F,New
CUST_03640,2023-06-01,Germany,54,M,New
CUST_03641,2023-06-23,Canada,30,F,New
CUST_03642,2024-10-25,UK,51,M,New
CUST_03643,2023-12-08,USA,41,M,At-Risk
CUST_03644,2023-12-07,USA,48,M,Regular
CUST_03645,2024-07-09,Germany,40,M,Regular
CUST_03646,2023-04-23,UK,53,M,New
CUST_03647,2023-12-22,UK,40,M,New
CUST_03648,2023-11-10,USA,20,F,Regular
CUST_03649,2024-03-11,France,55,F,At-Risk
CUST_03650,2024-12-30,USA,26,Other,Regular
CUST_03651,2024-07-15,USA,53,F,At-Risk
CUST_03652,2023-10-18,UK,36,M,VIP
CUST_03653,2024-08-27,USA,52,M,New
CUST_03654,2023-05-05,Germany,51,M,New
CUST_03655,2023-01-23,UK,43,M,Regular
CUST_03656,2023-05-30,UK,44,F,Regular
CUST_03657,2023-09-06,Germany,43,F,New
CUST_03658,2024-01-08,USA,18,M,Regular
CUST_03659,2024-03-25,USA,39,M,Regular
CUST_03660,2024-10-26,Canada,24,M,At-Risk
CUST_03661,2024-01-08,UK,40,M,New
CUST_03662,2024-01-01,UK,24,M,New
CUST_03663,2023-02-06,USA,23,F,Regular
CUST_03664,2023-01-26,UK,57,M,Regular
CUST_03665,2024-02-07,Germany,50,F,Regular
CUST_03666,2023-11-16,Germany,37,M,At-Risk
CUST_03667,2024-09-04,France,40,M,VIP
CUST_03668,2023-04-28,USA,35,F,Regular
CUST_03669,2023-01-19,USA,44,F,New
CUST_03670,2023-11-24,Brazil,29,M,Regular
CUST_03671,2023-06-23,Australia,49,F,Regular
CUST_03672,2023-02-06,USA,34,M,VIP
CUST_03673,2024-06-12,UK,32,M,At-Risk
CUST_03674,2023-03-23,USA,38,F,Regular
CUST_03675,2024-03-20,USA,30,F,Regular
CUST_03676,2023-07-25,USA,41,M,New
CUST_03677,2023-05-07,USA,31,M,New
CUST_03678,2023-10-05,France,43,F,New
CUST_03679,2024-08-08,Germany,52,M,New
CUST_03680,2023-10-14,USA,29,M,Regular
CUST_03681,2024-07-02,USA,36,F,New
CUST_03682,2023-04-02,Brazil,43,F,Regular
CUST_03683,2024-07-18,USA,32,M,Regular
CUST_03684,2023-06-22,Germany,43,F,Regular
CUST_03685,2024-05-09,USA,44,F,Regular
CUST_03686,2024-02-18,Germany,50,M,New
CUST_03687,2024-11-09,USA,30,F,At-Risk
CUST_03688,2023-10-10,USA,26,F,New
CUST_03689,2023-02-18,USA,34,M,At-Risk
CUST_03690,2023-01-14,USA,26,M,New
CUST_03691,2024-08-26,UK,44,F,Regular
CUST_03692,2024-01-19,France,24,F,New
CUST_03693,2024-07-19,USA,65,M,New
CUST_03694,2023-06-21,USA,53,F,Regular
CUST_03695,2023-09-09,Germany,38,F,Regular
CUST_03696,2023-01-22,Germany,48,F,New
CUST_03697,2024-12-02,Japan,18,F,Regular
CUST_03698,2024-05-02,Germany,68,M,New
CUST_03699,2024-11-12,UK,30,M,New
CUST_03700,2023-07-13,Germany,36,F,At-Risk
CUST_03701,2024-03-22,Australia,18,M,At-Risk
CUST_03702,2024-05-10,Canada,43,F,Regular
CUST_03703,2023-08-20,USA,24,M,New
CUST_03704,2024-09-11,USA,39,M,New
CUST_03705,2024-11-22,USA,31,M,At-Risk
CUST_03706,2024-10-07,Germany,25,F,New
CUST_03707,2024-06-23,Brazil,28,F,VIP
CUST_03708,2023-07-22,Germany,40,F,New
CUST_03709,2023-07-25,USA,22,M,At-Risk
CUST_03710,2024-12-04,Brazil,29,M,New
CUST_03711,2023-01-08,Brazil,45,F,New
CUST_03712,2024-06-06,USA,69,M,Regular
CUST_03713,2024-05-30,France,43,F,At-Risk
CUST_03714,2024-03-30,UK,26,F,At-Risk
CUST_03715,2024-12-23,Canada,33,M,Regular
CUST_03716,2023-08-16,Canada,38,F,VIP
CUST_03717,2023-09-06,Germany,33,M,Regular
CUST_03718,2023-02-27,France,48,F,VIP
CUST_03719,2023-11-20,Canada,40,M,At-Risk
CUST_03720,2023-07-10,UK,48,M,Regular
CUST_03721,2023-09-08,USA,34,F,Regular
CUST_03722,2024-09-01,Brazil,53,F,Regular
CUST_03723,2024-11-13,USA,36,F,Regular
CUST_03724,2023-05-16,UK,26,F,At-Risk
CUST_03725,2023-09-29,Canada,64,F,New
CUST_03726,2024-11-08,Brazil,18,M,New
CUST_03727,2023-02-15,UK,29,F,Regular
CUST_03728,2023-03-09,USA,30,F,New
CUST_03729,2023-04-29,UK,68,M,Regular
CUST_03730,2024-03-10,USA,59,F,At-Risk
CUST_03731,2023-04-20,USA,55,F,Regular
CUST_03732,2024-12-07,Brazil,34,M,At-Risk
CUST_03733,2023-11-23,USA,67,F,New
CUST_03734,2024-01-02,UK,42,M,At-Risk
CUST_03735,2023-06-30,UK,49,M,Regular
CUST_03736,2023-12-10,Japan,40,M,New
CUST_03737,2024-04-28,UK,37,F,Regular
CUST_03738,2024-07-02,USA,34,M,At-Risk
CUST_03739,2024-07-04,USA,35,F,New
CUST_03740,2024-02-26,Germany,45,F,Regular
CUST_03741,2024-10-22,Germany,42,F,At-Risk
CUST_03742,2024-08-19,UK,37,M,New
CUST_03743,2024-07-06,UK,56,F,Regular
CUST_03744,2023-02-10,USA,18,F,Regular
CUST_03745,2023-01-06,Germany,44,F,New
CUST_03746,2023-06-05,Germany,46,F,Regular
CUST_03747,2024-04-29,USA,51,F,New
CUST_03748,2023-10-28,USA,37,F,VIP
CUST_03749,2023-10-21,USA,40,M,New
CUST_03750,2024-10-07,USA,49,M,New
CUST_03751,2024-10-15,Germany,55,M,Regular
CUST_03752,2024-10-25,USA,34,M,New
CUST_03753,2023-08-18,USA,41,F,New
CUST_03754,2024-05-19,USA,58,F,VIP
CUST_03755,2023-07-18,Australia,18,F,At-Risk
CUST_03756,2023-05-20,Canada,29,F,At-Risk
CUST_03757,2023-05-15,USA,55,F,Regular
CUST_03758,2023-09-07,USA,51,M,At-Risk
CUST_03759,2023-11-10,USA,44,F,At-Risk
CUST_03760,2024-08-29,UK,32,M,Regular
CUST_03761,2023-03-29,USA,27,M,New
CUST_03762,2024-06-20,France,30,F,New
CUST_03763,2024-01-23,Germany,56,M,Regular
CUST_03764,2023-07-30,Canada,30,M,At-Risk
CUST_03765,2023-12-26,USA,39,F,Regular
CUST_03766,2023-08-07,Brazil,28,M,Regular
CUST_03767,2024-03-11,Brazil,48,M,New
CUST_03768,2023-11-13,USA,31,M,New
CUST_03769,2023-05-01,UK,36,M,Regular
CUST_03770,2023-03-27,USA,18,M,At-Risk
CUST_03771,2024-02-04,USA,18,F,New
CUST_03772,2024-10-20,USA,38,M,At-Risk
CUST_03773,2023-09-09,Germany,22,F,New
CUST_03774,2024-06-19,UK,63,M,Regular
CUST_03775,2024-04-25,Australia,18,F,Regular
CUST_03776,2024-11-11,USA,28,F,At-Risk
CUST_03777,2024-08-22,Japan,38,F,New
CUST_03778,2024-02-18,USA,33,F,New
CUST_03779,2024-04-24,Brazil,24,F,New
CUST_03780,2024-10-17,USA,26,M,At-Risk
CUST_03781,2023-10-19,USA,26,F,New
CUST_03782,2023-08-27,Canada,34,F,New
CUST_03783,2023-01-08,USA,61,M,Regular
CUST_03784,2024-08-26,France,38,M,Regular
CUST_03785,2024-08-07,Germany,52,M,VIP
CUST_03786,2023-03-18,UK,44,F,At-Risk
CUST_03787,2024-02-26,UK,51,M,Regular
CUST_03788,2023-12-05,Brazil,18,M,At-Risk
CUST_03789,2023-03-28,USA,34,M,Regular
CUST_03790,2024-12-16,France,53,F,New
CUST_03791,2023-06-06,Canada,31,M,At-Risk
CUST_03792,2023-02-19,USA,59,M,Regular
CUST_03793,2024-03-10,USA,55,F,Regular
CUST_03794,2024-06-23,France,32,F,Regular
CUST_03795,2023-01-24,UK,31,F,Regular
CUST_03796,2024-04-25,UK,25,F,New
CUST_03797,2024-01-24,USA,30,M,Regular
CUST_03798,2023-03-17,Germany,23,M,VIP
CUST_03799,2023-05-06,USA,43,M,Regular
CUST_03800,2024-02-19,UK,20,F,New
CUST_03801,2023-08-05,Brazil,45,M,At-Risk
CUST_03802,2024-11-15,USA,45,F,New
CUST_03803,2024-08-20,UK,18,Other,New
CUST_03804,2024-12-19,Japan,56,M,New
CUST_03805,2023-07-09,France,44,M,New
CUST_03806,2024-12-08,Canada,46,M,Regular
CUST_03807,2023-11-11,UK,28,M,Regular
CUST_03808,2023-09-11,Brazil,45,M,At-Risk
CUST_03809,2023-02-06,USA,51,F,At-Risk
CUST_03810,2023-02-08,USA,36,M,VIP
CUST_03811,2024-05-20,USA,62,M,Regular
CUST_03812,2023-12-01,UK,38,M,Regular
CUST_03813,2023-06-15,Canada,51,F,VIP
CUST_03814,2024-03-24,USA,41,F,Regular
CUST_03815,2023-07-04,France,45,F,VIP
CUST_03816,2024-02-26,France,18,Other,Regular
CUST_03817,2023-09-20,Germany,42,F,New
CUST_03818,2024-08-24,UK,29,M,Regular
CUST_03819,2024-08-22,Germany,27,M,Regular
CUST_03820,2023-12-15,USA,58,M,Regular
CUST_03821,2023-09-14,USA,35,F,New
CUST_03822,2023-09-22,Japan,25,M,Regular
CUST_03823,2024-08-11,USA,33,M,At-Risk
CUST_03824,2023-08-28,USA,22,F,At-Risk
CUST_03825,2023-06-02,Canada,55,F,New
CUST_03826,2023-03-03,USA,29,F,New
CUST_03827,2023-12-07,France,44,M,Regular
CUST_03828,2023-12-18,USA,54,F,Regular
CUST_03829,2024-09-05,UK,31,F,New
CUST_03830,2023-06-11,USA,44,M,New
CUST_03831,2023-10-06,USA,25,F,VIP
CUST_03832,2024-08-13,UK,67,F,VIP
CUST_03833,2024-08-24,Brazil,49,M,Regular
CUST_03834,2023-10-08,Germany,35,M,Regular
CUST_03835,2023-12-02,Australia,28,F,Regular
CUST_03836,2023-08-10,USA,36,M,New
CUST_03837,2024-11-11,Germany,33,F,Regular
CUST_03838,2023-03-28,Germany,61,M,New
CUST_03839,2024-11-12,Australia,23,F,Regular
CUST_03840,2024-05-14,USA,39,F,New
CUST_03841,2024-01-24,Germany,37,F,Regular
CUST_03842,2023-01-24,Canada,36,M,Regular
CUST_03843,2023-12-14,USA,36,M,New
CUST_03844,2023-10-25,Canada,36,M,New
CUST_03845,2023-04-28,USA,48,M,New
CUST_03846,2024-04-24,Brazil,45,M,Regular
CUST_03847,2024-12-09,Australia,43,F,New
CUST_03848,2024-02-15,France,18,M,New
CUST_03849,2024-06-05,UK,41,F,Regular
CUST_03850,2023-02-19,USA,18,M,VIP
CUST_03851,2023-11-01,Australia,45,F,New
CUST_03852,2023-03-26,UK,55,Other,Regular
CUST_03853,2024-03-23,USA,26,M,At-Risk
CUST_03854,2024-11-16,France,34,F,At-Risk
CUST_03855,2024-04-28,UK,30,F,New
CUST_03856,2023-02-26,USA,52,F,VIP
CUST_03857,2023-09-16,USA,39,F,Regular
CUST_03858,2024-02-06,USA,58,M,At-Risk
CUST_03859,2023-10-22,Germany,42,M,Regular
CUST_03860,2024-08-31,France,40,M,VIP
CUST_03861,2024-08-17,Germany,38,F,VIP
CUST_03862,2024-03-22,Brazil,47,Other,Regular
CUST_03863,2023-09-30,Canada,18,F,VIP
CUST_03864,2023-07-06,Germany,39,M,New
CUST_03865,2023-03-19,USA,37,F,New
CUST_03866,2023-09-17,France,46,F,Regular
CUST_03867,2023-10-29,UK,35,M,At-Risk
CUST_03868,2024-05-08,Germany,25,M,Regular
CUST_03869,2024-04-25,France,38,M,Regular
CUST_03870,2023-02-21,UK,25,F,Regular
CUST_03871,2023-10-16,Australia,18,F,New
CUST_03872,2023-05-13,USA,46,M,New
CUST_03873,2023-04-25,France,44,M,Regular
CUST_03874,2024-08-26,USA,43,F,At-Risk
CUST_03875,2023-01-31,Australia,53,F,New
CUST_03876,2023-11-03,USA,30,F,Regular
CUST_03877,2023-05-03,USA,20,F,New
CUST_03878,2024-10-03,USA,37,M,New
CUST_03879,2024-02-11,UK,33,F,New
CUST_03880,2023-06-18,USA,27,M,Regular
CUST_03881,2024-01-02,Germany,37,F,New
CUST_03882,2024-06-17,UK,30,M,New
CUST_03883,2024-11-30,USA,18,F,VIP
CUST_03884,2023-06-10,USA,32,M,At-Risk
CUST_03885,2024-10-08,Brazil,24,F,New
CUST_03886,2024-11-13,France,40,M,Regular
CUST_03887,2024-10-30,Brazil,30,M,New
CUST_03888,2024-04-08,France,51,F,At-Risk
CUST_03889,2024-04-04,USA,57,M,Regular
CUST_03890,2023-10-22,USA,46,F,VIP
CUST_03891,2024-07-03,USA,19,F,New
CUST_03892,2024-01-23,Canada,56,F,Regular
CUST_03893,2024-05-09,Japan,56,F,Regular
CUST_03894,2023-11-09,UK,38,F,New
CUST_03895,2024-06-17,USA,53,F,New
CUST_03896,2024-08-24,USA,31,F,Regular
CUST_03897,2023-04-17,USA,18,M,Regular
CUST_03898,2024-08-31,Germany,28,M,New
CUST_03899,2024-01-30,USA,58,F,Regular
CUST_03900,2024-09-08,Australia,20,M,New
CUST_03901,2023-11-11,UK,37,M,New
CUST_03902,2023-10-04,Australia,38,M,Regular
CUST_03903,2024-10-29,Brazil,31,M,New
CUST_03904,2023-07-03,Brazil,32,F,Regular
CUST_03905,2024-09-08,Germany,38,F,New
CUST_03906,2023-12-20,France,31,Other,Regular
CUST_03907,2024-01-11,France,20,F,Regular
CUST_03908,2023-08-14,France,40,M,At-Risk
CUST_03909,2024-02-23,Germany,50,M,New
CUST_03910,2023-08-26,Japan,48,M,Regular
CUST_03911,2023-01-29,Brazil,28,F,New
CUST_03912,2023-07-18,Brazil,22,M,Regular
CUST_03913,2023-01-05,Canada,34,M,Regular
CUST_03914,2024-12-15,USA,56,F,New
CUST_03915,2024-12-05,USA,45,F,Regular
CUST_03916,2023-10-16,UK,46,M,New
CUST_03917,2024-06-15,Germany,48,M,New
CUST_03918,2023-09-10,Canada,43,F,New
CUST_03919,2024-05-04,UK,39,F,Regular
CUST_03920,2024-08-10,Germany,45,M,VIP
CUST_03921,2024-11-22,Germany,31,M,New
CUST_03922,2023-10-20,USA,21,F,Regular
CUST_03923,2024-07-25,Germany,46,F,New
CUST_03924,2023-07-14,Canada,52,F,New
CUST_03925,2024-12-23,USA,24,F,VIP
CUST_03926,2023-01-19,Germany,47,F,Regular
CUST_03927,2024-03-16,Germany,58,M,New
CUST_03928,2024-04-26,USA,37,M,New
CUST_03929,2024-05-17,USA,28,F,VIP
CUST_03930,2023-03-29,Japan,39,F,New
CUST_03931,2024-11-16,UK,31,F,New
CUST_03932,2023-05-13,USA,30,M,Regular
CUST_03933,2024-03-30,USA,43,F,Regular
CUST_03934,2023-06-12,France,18,M,Regular
CUST_03935,2023-08-13,Germany,20,F,At-Risk
CUST_03936,2024-02-03,France,38,M,New
CUST_03937,2023-11-01,USA,37,F,Regular
CUST_03938,2023-04-27,Canada,42,F,New
CUST_03939,2023-05-05,UK,60,M,Regular
CUST_03940,2023-11-02,USA,39,M,At-Risk
CUST_03941,2024-07-06,UK,45,F,Regular
CUST_03942,2024-10-17,UK,26,F,Regular
CUST_03943,2023-03-03,Canada,47,M,VIP
CUST_03944,2023-10-14,Australia,31,M,New
CUST_03945,2023-03-15,USA,38,M,Regular
CUST_03946,2023-01-13,Canada,36,F,At-Risk
CUST_03947,2024-04-28,Brazil,50,M,Regular
CUST_03948,2024-03-15,Australia,22,M,New
CUST_03949,2023-04-30,USA,18,F,New
CUST_03950,2023-06-20,Germany,35,F,New
CUST_03951,2023-01-18,USA,43,M,New
CUST_03952,2024-09-01,Canada,39,Other,Regular
CUST_03953,2024-12-12,USA,52,F,New
CUST_03954,2023-04-09,Germany,43,F,New
CUST_03955,2023-06-18,USA,31,M,Regular
CUST_03956,2024-09-25,USA,18,F,Regular
CUST_03957,2024-11-07,France,35,M,Regular
CUST_03958,2023-11-03,Canada,50,M,Regular
CUST_03959,2023-02-06,Germany,33,M,New
CUST_03960,2023-01-29,Canada,38,F,New
CUST_03961,2024-02-23,USA,43,F,New
CUST_03962,2023-10-14,Germany,25,F,Regular
CUST_03963,2023-01-21,UK,45,M,New
CUST_03964,2024-03-01,USA,57,F,Regular
CUST_03965,2023-01-09,Germany,35,F,New
CUST_03966,2024-07-28,France,24,M,At-Risk
CUST_03967,2023-08-12,Germany,37,F,Regular
CUST_03968,2023-01-30,Brazil,18,M,Regular
CUST_03969,2024-03-05,Germany,42,F,VIP
CUST_03970,2023-10-18,USA,43,M,Regular
CUST_03971,2024-12-11,USA,58,F,Regular
CUST_03972,2024-02-02,Germany,35,F,At-Risk
CUST_03973,2023-07-20,USA,42,Other,Regular
CUST_03974,2024-06-01,USA,27,M,VIP
CUST_03975,2023-07-18,UK,33,M,New
CUST_03976,2024-10-22,Germany,19,M,VIP
CUST_03977,2023-10-01,USA,35,F,New
CUST_03978,2024-02-06,Brazil,34,F,New
CUST_03979,2023-02-06,France,41,M,Regular
CUST_03980,2023-11-08,USA,30,M,New
CUST_03981,2024-08-30,Brazil,39,F,New
CUST_03982,2024-08-11,France,33,F,New
CUST_03983,2023-06-13,France,34,M,Regular
CUST_03984,2023-06-15,Germany,38,M,At-Risk
CUST_03985,2024-08-19,USA,38,M,Regular
CUST_03986,2024-11-10,France,47,F,VIP
CUST_03987,2023-03-11,UK,36,F,Regular
CUST_03988,2023-11-25,Australia,33,F,New
CUST_03989,2023-09-04,Brazil,35,M,New
CUST_03990,2024-09-27,Germany,29,F,Regular
CUST_03991,2023-03-02,USA,33,M,New
CUST_03992,2023-06-04,USA,62,M,New
CUST_03993,2024-07-03,USA,27,Other,Regular
CUST_03994,2023-02-07,UK,34,M,Regular
CUST_03995,2023-12-26,USA,33,M,New
CUST_03996,2023-11-19,Germany,35,Other,VIP
CUST_03997,2023-09-02,USA,34,M,Regular
CUST_03998,2023-10-16,Japan,41,F,Regular
CUST_03999,2024-01-22,USA,18,F,At-Risk
CUST_04000,2023-04-28,Australia,50,F,New
CUST_04001,2024-02-22,Australia,45,M,Regular
CUST_04002,2024-08-10,Germany,23,M,At-Risk
CUST_04003,2024-07-08,Brazil,18,M,Regular
CUST_04004,2023-04-23,UK,26,M,VIP
CUST_04005,2023-04-19,France,35,F,Regular
CUST_04006,2023-07-15,USA,68,M,Regular
CUST_04007,2023-09-21,USA,44,M,New
CUST_04008,2023-10-26,Germany,18,F,At-Risk
CUST_04009,2024-05-11,UK,29,F,VIP
CUST_04010,2023-02-11,Germany,37,F,At-Risk
CUST_04011,2023-01-26,USA,41,M,Regular
CUST_04012,2023-10-14,UK,22,F,New
CUST_04013,2024-05-23,USA,36,F,New
CUST_04014,2023-05-22,USA,29,M,At-Risk
CUST_04015,2024-04-13,USA,24,M,New
CUST_04016,2023-07-09,USA,41,M,New
CUST_04017,2024-10-08,USA,47,F,Regular
CUST_04018,2024-10-15,Brazil,48,M,Regular
CUST_04019,2023-08-06,USA,44,F,Regular
CUST_04020,2023-06-17,France,32,F,Regular
CUST_04021,2023-10-28,USA,46,F,Regular
CUST_04022,2023-06-25,Canada,41,M,At-Risk
CUST_04023,2024-05-05,UK,39,M,New
CUST_04024,2024-08-26,USA,30,M,New
CUST_04025,2024-05-06,Germany,32,M,Regular
CUST_04026,2024-08-24,UK,38,F,At-Risk
CUST_04027,2023-10-17,Germany,67,M,New
CUST_04028,2023-04-25,USA,41,M,New
CUST_04029,2024-06-22,Japan,30,M,Regular
CUST_04030,2023-09-21,UK,28,M,Regular
CUST_04031,2024-05-05,USA,32,F,At-Risk
CUST_04032,2023-07-17,France,64,F,At-Risk
CUST_04033,2023-03-01,UK,33,F,Regular
CUST_04034,2024-12-25,Canada,48,M,Regular
CUST_04035,2023-04-25,UK,33,F,New
CUST_04036,2024-12-22,France,41,F,Regular
CUST_04037,2024-12-14,USA,47,M,Regular
CUST_04038,2024-08-02,Canada,31,M,New
CUST_04039,2024-04-26,Brazil,30,F,New
CUST_04040,2024-02-26,USA,57,F,At-Risk
CUST_04041,2024-09-24,USA,49,F,Regular
CUST_04042,2023-07-31,USA,47,M,Regular
CUST_04043,2023-12-08,Japan,47,M,New
CUST_04044,2024-03-28,USA,43,F,Regular
CUST_04045,2023-10-28,UK,62,F,VIP
CUST_04046,2023-11-09,USA,38,F,New
CUST_04047,2023-08-30,UK,44,F,Regular
CUST_04048,2024-02-16,Germany,20,M,New
CUST_04049,2024-09-12,Australia,28,F,Regular
CUST_04050,2023-05-28,Germany,23,F,At-Risk
CUST_04051,2024-11-13,Brazil,53,F,Regular
CUST_04052,2024-05-18,Germany,18,M,At-Risk
CUST_04053,2024-08-23,USA,33,M,At-Risk
CUST_04054,2024-02-11,USA,18,F,At-Risk
CUST_04055,2024-07-23,Germany,28,F,At-Risk
CUST_04056,2023-01-12,Australia,32,F,New
CUST_04057,2024-08-20,Canada,54,F,At-Risk
CUST_04058,2023-01-30,USA,42,F,New
CUST_04059,2024-10-11,USA,28,F,New
CUST_04060,2024-12-25,USA,50,M,New
CUST_04061,2023-08-03,Australia,38,M,New
CUST_04062,2023-06-03,Canada,38,M,Regular
CUST_04063,2024-07-12,Brazil,23,F,Regular
CUST_04064,2023-07-04,UK,26,M,New
CUST_04065,2024-09-23,Germany,28,M,Regular
CUST_04066,2023-03-17,UK,38,F,Regular
CUST_04067,2023-04-02,USA,38,F,VIP
CUST_04068,2024-12-15,Germany,56,F,New
CUST_04069,2024-05-06,USA,42,M,New
CUST_04070,2024-09-10,USA,18,F,New
CUST_04071,2023-08-25,Canada,41,M,New
CUST_04072,2024-05-08,Brazil,20,M,Regular
CUST_04073,2024-03-09,UK,26,M,Regular
CUST_04074,2024-03-16,Germany,28,M,New
CUST_04075,2024-05-13,UK,30,M,New
CUST_04076,2024-02-25,Brazil,21,F,New
CUST_04077,2023-11-10,Brazil,40,M,At-Risk
CUST_04078,2023-07-21,Brazil,21,F,New
CUST_04079,2024-07-15,Brazil,42,M,VIP
CUST_04080,2023-06-15,USA,64,M,Regular
CUST_04081,2024-05-20,USA,22,F,New
CUST_04082,2023-06-20,UK,34,F,At-Risk
CUST_04083,2024-04-01,USA,18,F,VIP
CUST_04084,2024-06-29,Brazil,34,F,Regular
CUST_04085,2023-06-09,USA,45,F,Regular
CUST_04086,2023-02-13,USA,46,F,Regular
CUST_04087,2023-04-06,UK,38,F,New
CUST_04088,2024-03-18,Japan,48,F,New
CUST_04089,2024-09-12,USA,68,M,VIP
CUST_04090,2023-02-02,Germany,58,F,At-Risk
CUST_04091,2024-06-19,UK,31,M,New
CUST_04092,2023-09-07,USA,20,M,VIP
CUST_04093,2023-12-16,UK,33,F,Regular
CUST_04094,2024-11-09,France,26,M,New
CUST_04095,2023-08-31,Germany,43,M,Regular
CUST_04096,2023-12-06,Canada,23,M,Regular
CUST_04097,2023-01-10,USA,37,Other,VIP
CUST_04098,2023-03-01,USA,48,M,VIP
CUST_04099,2023-07-08,Australia,36,M,New
CUST_04100,2023-01-21,UK,26,F,Regular
CUST_04101,2024-04-05,Germany,52,F,VIP
CUST_04102,2023-11-08,Brazil,18,M,VIP
CUST_04103,2024-02-05,USA,34,M,New
CUST_04104,2023-05-08,France,37,M,Regular
CUST_04105,2023-08-05,USA,38,M,At-Risk
CUST_04106,2024-04-29,USA,40,M,New
CUST_04107,2024-12-05,USA,45,M,Regular
CUST_04108,2023-02-06,Brazil,37,F,VIP
CUST_04109,2024-10-11,USA,33,F,New
CUST_04110,2024-02-26,France,33,F,At-Risk
CUST_04111,2024-02-16,Australia,30,M,New
CUST_04112,2024-01-01,Germany,47,M,New
CUST_04113,2023-02-20,Germany,30,F,New
CUST_04114,2023-03-07,UK,48,M,New
CUST_04115,2024-03-14,USA,38,F,New
CUST_04116,2023-09-06,UK,31,F,Regular
CUST_04117,2024-10-31,Germany,45,F,New
CUST_04118,2023-10-24,Japan,29,M,At-Risk
CUST_04119,2023-04-15,Australia,45,M,Regular
CUST_04120,2024-06-05,Canada,40,F,Regular
CUST_04121,2023-08-03,Canada,30,F,Regular
CUST_04122,2024-01-19,UK,44,M,Regular
CUST_04123,2024-05-24,France,44,Other,Regular
CUST_04124,2024-10-19,Canada,51,M,New
CUST_04125,2024-08-01,UK,49,M,At-Risk
CUST_04126,2024-05-08,Japan,43,F,Regular
CUST_04127,2024-05-11,UK,24,F,New
CUST_04128,2024-11-21,Germany,67,F,Regular
CUST_04129,2023-08-04,France,21,M,Regular
CUST_04130,2023-01-01,Australia,49,M,New
CUST_04131,2023-07-18,USA,43,F,VIP
CUST_04132,2023-06-09,Brazil,23,M,Regular
CUST_04133,2024-04-28,Germany,36,M,Regular
CUST_04134,2024-04-07,USA,37,F,Regular
CUST_04135,2024-03-09,Brazil,53,M,At-Risk
CUST_04136,2023-01-12,Germany,29,F,New
CUST_04137,2024-06-16,France,34,M,Regular
CUST_04138,2023-08-25,USA,18,F,New
CUST_04139,2024-04-30,UK,58,F,Regular
CUST_04140,2024-02-11,Germany,25,M,New
CUST_04141,2023-09-08,UK,41,M,New
CUST_04142,2023-04-09,USA,36,M,VIP
CUST_04143,2023-03-10,Japan,36,M,Regular
CUST_04144,2024-08-30,Germany,47,F,New
CUST_04145,2024-11-01,Brazil,58,Other,Regular
CUST_04146,2024-04-19,UK,41,F,Regular
CUST_04147,2023-03-17,UK,45,F,New
CUST_04148,2023-10-21,UK,41,M,New
CUST_04149,2024-06-16,UK,50,M,At-Risk
CUST_04150,2024-07-23,Germany,32,F,Regular
CUST_04151,2023-03-28,Germany,50,F,New
CUST_04152,2023-01-01,UK,51,F,VIP
CUST_04153,2024-06-03,USA,50,M,Regular
CUST_04154,2023-09-18,UK,30,F,New
CUST_04155,2023-07-05,USA,35,M,New
CUST_04156,2023-01-10,USA,40,F,New
CUST_04157,2024-01-30,Australia,21,F,At-Risk
CUST_04158,2024-09-13,Germany,57,M,New
CUST_04159,2024-11-30,France,37,Other,New
CUST_04160,2024-02-17,UK,41,Other,At-Risk
CUST_04161,2024-01-11,Australia,31,F,New
CUST_04162,2023-03-04,France,22,F,Regular
CUST_04163,2024-02-05,Brazil,30,M,New
CUST_04164,2023-10-05,UK,40,F,Regular
CUST_04165,2024-03-19,Japan,46,M,New
CUST_04166,2023-10-11,Canada,39,M,New
CUST_04167,2023-06-25,Canada,42,M,Regular
CUST_04168,2023-03-11,USA,33,F,Regular
CUST_04169,2023-08-18,USA,43,M,Regular
CUST_04170,2023-03-12,USA,55,M,Regular
CUST_04171,2023-05-10,USA,46,M,Regular
CUST_04172,2024-12-21,Canada,47,F,Regular
CUST_04173,2023-11-21,USA,41,F,Regular
CUST_04174,2024-01-24,USA,19,M,Regular
CUST_04175,2024-09-29,USA,25,F,Regular
CUST_04176,2024-12-27,USA,43,M,Regular
CUST_04177,2024-03-01,USA,37,F,New
CUST_04178,2024-08-16,Brazil,43,F,New
CUST_04179,2023-08-27,Germany,58,F,New
CUST_04180,2023-08-12,USA,46,M,At-Risk
CUST_04181,2023-10-21,UK,53,F,VIP
CUST_04182,2024-05-05,UK,39,F,Regular
CUST_04183,2024-05-12,USA,28,F,New
CUST_04184,2023-08-19,France,37,F,New
CUST_04185,2023-04-08,France,28,M,At-Risk
CUST_04186,2024-04-06,Brazil,56,F,At-Risk
CUST_04187,2023-04-04,Brazil,47,M,New
CUST_04188,2024-02-27,USA,44,F,VIP
CUST_04189,2024-05-21,Australia,52,M,Regular
CUST_04190,2024-05-26,Brazil,18,F,New
CUST_04191,2024-07-04,Australia,45,M,Regular
CUST_04192,2024-09-29,USA,22,M,Regular
CUST_04193,2023-12-31,Australia,37,M,VIP
CUST_04194,2024-06-17,Brazil,34,M,New
CUST_04195,2024-03-27,Canada,45,F,New
CUST_04196,2023-05-17,USA,40,F,New
CUST_04197,2023-01-19,Brazil,54,F,New
CUST_04198,2023-07-27,Australia,30,F,Regular
CUST_04199,2023-11-20,France,46,F,New
CUST_04200,2024-03-26,Germany,39,M,Regular
CUST_04201,2024-09-12,Australia,18,M,New
CUST_04202,2023-05-24,UK,26,M,Regular
CUST_04203,2023-04-02,Germany,36,F,Regular
CUST_04204,2024-12-04,UK,51,M,Regular
CUST_04205,2023-03-20,Australia,43,M,New
CUST_04206,2023-12-16,USA,23,F,New
CUST_04207,2024-03-03,Germany,36,F,New
CUST_04208,2024-01-31,France,62,F,New
CUST_04209,2023-03-04,Brazil,39,F,New
CUST_04210,2023-02-11,Germany,34,F,New
CUST_04211,2023-03-19,Australia,43,F,Regular
CUST_04212,2024-03-03,Australia,47,F,At-Risk
CUST_04213,2024-02-02,USA,32,F,New
CUST_04214,2023-06-20,UK,44,M,VIP
CUST_04215,2024-04-10,USA,34,M,New
CUST_04216,2024-08-21,USA,46,M,Regular
CUST_04217,2023-01-31,Germany,40,M,Regular
CUST_04218,2023-12-30,Australia,43,F,At-Risk
CUST_04219,2024-05-18,Canada,28,M,New
CUST_04220,2023-07-04,USA,28,M,New
CUST_04221,2023-08-13,USA,49,F,New
CUST_04222,2024-03-23,Germany,37,F,Regular
CUST_04223,2024-10-17,Germany,41,F,At-Risk
CUST_04224,2024-08-14,USA,34,F,VIP
CUST_04225,2024-03-01,Canada,48,F,Regular
CUST_04226,2024-06-17,Australia,30,F,Regular
CUST_04227,2023-09-24,UK,36,M,At-Risk
CUST_04228,2024-04-12,Canada,47,M,Regular
CUST_04229,2023-12-07,UK,52,M,New
CUST_04230,2023-05-19,Brazil,31,F,VIP
CUST_04231,2024-05-27,UK,61,F,New
CUST_04232,2024-02-11,USA,41,Other,New
CUST_04233,2023-09-19,Australia,25,F,New
CUST_04234,2024-10-27,UK,42,M,Regular
CUST_04235,2023-01-16,Brazil,33,F,Regular
CUST_04236,2023-08-19,UK,43,F,New
CUST_04237,2023-02-11,USA,37,M,Regular
CUST_04238,2024-07-13,USA,38,F,VIP
CUST_04239,2024-05-27,UK,27,M,At-Risk
CUST_04240,2023-08-30,France,49,M,Regular
CUST_04241,2024-05-08,USA,24,F,VIP
CUST_04242,2023-10-17,France,24,F,VIP
CUST_04243,2024-07-06,France,42,M,New
CUST_04244,2023-11-28,France,57,F,New
CUST_04245,2023-10-28,UK,33,F,Regular
CUST_04246,2024-11-13,Australia,46,F,New
CUST_04247,2023-07-03,UK,50,M,New
CUST_04248,2023-03-29,UK,47,M,Regular
CUST_04249,2024-03-02,USA,34,M,New
CUST_04250,2024-12-08,USA,24,Other,New
CUST_04251,2023-10-03,USA,18,M,Regular
CUST_04252,2023-02-15,France,34,M,Regular
CUST_04253,2023-09-05,USA,52,F,VIP
CUST_04254,2024-01-05,USA,24,F,Regular
CUST_04255,2023-04-29,Brazil,46,F,Regular
CUST_04256,2024-04-25,USA,26,F,New
CUST_04257,2024-12-29,USA,39,M,New
CUST_04258,2023-11-26,USA,46,M,New
CUST_04259,2023-09-16,Brazil,30,F,VIP
CUST_04260,2023-10-20,USA,40,F,Regular
CUST_04261,2023-03-26,UK,33,F,VIP
CUST_04262,2024-10-06,Germany,46,F,Regular
CUST_04263,2023-10-30,France,40,F,New
CUST_04264,2023-10-10,France,38,F,Regular
CUST_04265,2024-04-26,Brazil,56,F,Regular
CUST_04266,2023-11-19,USA,45,F,Regular
CUST_04267,2024-04-18,USA,29,M,Regular
CUST_04268,2023-02-14,USA,36,M,At-Risk
CUST_04269,2024-08-17,USA,37,Other,VIP
CUST_04270,2024-11-17,USA,38,M,At-Risk
CUST_04271,2024-04-18,USA,68,F,New
CUST_04272,2024-11-27,Germany,42,M,New
CUST_04273,2023-04-21,France,18,M,New
CUST_04274,2023-12-15,UK,31,M,New
CUST_04275,2024-03-15,France,18,M,Regular
CUST_04276,2024-02-29,USA,34,M,Regular
CUST_04277,2023-10-21,USA,18,M,Regular
CUST_04278,2023-09-04,Germany,27,F,At-Risk
CUST_04279,2023-04-03,USA,19,M,At-Risk
CUST_04280,2023-10-13,USA,42,M,New
CUST_04281,2023-04-29,UK,38,M,At-Risk
CUST_04282,2024-06-20,Australia,41,F,Regular
CUST_04283,2023-06-02,Brazil,36,F,Regular
CUST_04284,2023-02-12,USA,21,F,VIP
CUST_04285,2024-02-08,Canada,44,M,New
CUST_04286,2024-03-10,Brazil,61,M,At-Risk
CUST_04287,2024-09-28,Germany,42,F,Regular
CUST_04288,2024-02-26,Canada,32,F,At-Risk
CUST_04289,2023-09-10,UK,20,M,At-Risk
CUST_04290,2024-08-09,USA,27,F,Regular
CUST_04291,2024-01-30,Germany,43,M,New
CUST_04292,2023-02-27,Germany,50,M,New
CUST_04293,2024-02-18,Germany,41,F,New
CUST_04294,2024-10-24,Germany,47,F,New
CUST_04295,2023-10-17,Australia,46,M,VIP
CUST_04296,2023-08-05,Australia,44,M,New
CUST_04297,2023-04-15,Canada,30,F,At-Risk
CUST_04298,2023-04-21,Brazil,40,F,Regular
CUST_04299,2023-11-12,Australia,27,F,New
CUST_04300,2024-03-10,USA,38,M,Regular
CUST_04301,2023-02-28,USA,41,F,Regular
CUST_04302,2024-11-16,UK,58,M,Regular
CUST_04303,2024-07-05,Canada,22,M,Regular
CUST_04304,2024-03-04,Germany,43,M,New
CUST_04305,2024-08-27,Brazil,55,F,Regular
CUST_04306,2023-02-28,USA,47,M,Regular
CUST_04307,2023-12-15,USA,47,F,VIP
CUST_04308,2024-04-04,Brazil,45,M,VIP
CUST_04309,2024-08-27,USA,53,M,New
CUST_04310,2024-07-25,UK,24,M,New
CUST_04311,2023-07-22,USA,21,M,Regular
CUST_04312,2024-11-17,USA,37,M,At-Risk
CUST_04313,2023-04-01,France,18,M,Regular
CUST_04314,2024-09-30,UK,52,M,New
CUST_04315,2024-12-09,Germany,52,M,New
CUST_04316,2023-05-10,USA,32,F,New
CUST_04317,2024-06-11,Brazil,33,M,New
CUST_04318,2023-01-30,UK,37,F,Regular
CUST_04319,2023-10-23,France,38,F,Regular
CUST_04320,2024-01-12,Brazil,39,M,New
CUST_04321,2024-02-28,USA,44,F,New
CUST_04322,2024-11-14,Canada,35,F,New
CUST_04323,2024-05-05,Germany,49,M,At-Risk
CUST_04324,2023-12-18,UK,43,F,Regular
CUST_04325,2024-08-14,USA,30,F,At-Risk
CUST_04326,2024-11-24,Australia,54,Other,Regular
CUST_04327,2023-01-17,Brazil,21,F,New
CUST_04328,2024-12-18,USA,36,M,New
CUST_04329,2023-03-04,USA,49,M,Regular
CUST_04330,2024-08-17,Brazil,29,F,Regular
CUST_04331,2023-07-24,France,41,Other,Regular
CUST_04332,2023-04-07,Brazil,44,F,VIP
CUST_04333,2023-11-18,UK,27,F,Regular
CUST_04334,2024-04-15,France,37,M,New
CUST_04335,2023-10-06,UK,36,M,VIP
CUST_04336,2023-02-09,USA,31,F,Regular
CUST_04337,2024-03-13,France,65,F,New
CUST_04338,2024-10-20,Japan,28,Other,Regular
CUST_04339,2023-10-07,USA,50,F,Regular
CUST_04340,2023-06-07,UK,33,M,New
CUST_04341,2023-11-20,France,24,F,Regular
CUST_04342,2023-02-05,Germany,39,F,New
CUST_04343,2024-08-21,Canada,45,F,New
CUST_04344,2024-08-26,Brazil,49,M,New
CUST_04345,2024-03-05,USA,56,M,New
CUST_04346,2023-09-15,Japan,73,F,New
CUST_04347,2024-08-06,Brazil,41,M,New
CUST_04348,2024-02-09,Canada,30,F,At-Risk
CUST_04349,2024-08-25,France,43,M,New
CUST_04350,2024-04-05,Canada,34,M,Regular
CUST_04351,2024-07-26,USA,49,F,New
CUST_04352,2024-03-12,USA,22,M,VIP
CUST_04353,2023-10-30,Canada,66,F,New
CUST_04354,2024-11-30,USA,48,M,New
CUST_04355,2024-01-31,USA,18,F,New
CUST_04356,2024-03-17,Brazil,29,M,At-Risk
CUST_04357,2023-06-10,Canada,47,M,Regular
CUST_04358,2024-04-01,USA,52,F,New
CUST_04359,2024-02-22,Canada,22,F,New
CUST_04360,2023-05-15,France,46,M,New
CUST_04361,2023-02-13,Germany,18,Other,New
CUST_04362,2024-03-17,Canada,36,F,VIP
CUST_04363,2024-07-11,UK,51,F,Regular
CUST_04364,2024-01-18,USA,31,F,Regular
CUST_04365,2023-06-15,USA,19,M,New
CUST_04366,2024-05-01,Germany,39,M,Regular
CUST_04367,2023-02-28,Germany,30,M,New
CUST_04368,2023-11-19,Brazil,45,F,New
CUST_04369,2023-04-30,Brazil,27,M,Regular
CUST_04370,2023-05-15,Germany,28,M,New
CUST_04371,2023-05-28,Brazil,18,M,Regular
CUST_04372,2023-10-10,USA,40,M,At-Risk
CUST_04373,2023-02-07,USA,36,F,New
CUST_04374,2023-10-18,Canada,23,F,At-Risk
CUST_04375,2024-01-09,USA,40,F,New
CUST_04376,2023-12-19,USA,50,F,New
CUST_04377,2023-10-07,France,35,F,Regular
CUST_04378,2024-09-04,UK,41,Other,Regular
CUST_04379,2023-04-17,Canada,41,M,New
CUST_04380,2024-01-05,USA,23,M,VIP
CUST_04381,2023-02-15,USA,62,M,At-Risk
CUST_04382,2023-02-21,USA,32,M,New
CUST_04383,2024-02-23,Germany,45,F,At-Risk
CUST_04384,2024-02-18,UK,47,F,Regular
CUST_04385,2024-10-02,Germany,36,M,At-Risk
CUST_04386,2024-02-12,Canada,45,F,New
CUST_04387,2024-12-01,Australia,40,F,VIP
CUST_04388,2023-02-05,USA,20,M,New
CUST_04389,2023-03-13,UK,34,F,At-Risk
CUST_04390,2023-02-02,Germany,30,F,Regular
CUST_04391,2023-05-16,Australia,32,F,New
CUST_04392,2024-01-31,Japan,22,F,New
CUST_04393,2024-04-16,USA,51,M,VIP
CUST_04394,2023-02-03,Brazil,57,M,Regular
CUST_04395,2024-11-21,UK,49,M,New
CUST_04396,2024-09-06,USA,53,F,Regular
CUST_04397,2023-08-05,USA,33,M,VIP
CUST_04398,2023-02-26,UK,30,M,New
CUST_04399,2023-05-05,UK,28,F,New
CUST_04400,2023-04-03,USA,45,F,At-Risk
CUST_04401,2023-03-31,France,40,F,New
CUST_04402,2024-01-14,USA,37,M,New
CUST_04403,2023-06-29,Germany,53,M,New
CUST_04404,2023-09-19,USA,42,M,At-Risk
CUST_04405,2024-12-23,USA,27,F,New
CUST_04406,2024-05-14,UK,29,M,Regular
CUST_04407,2024-11-23,USA,46,F,At-Risk
CUST_04408,2023-04-15,Germany,50,Other,New
CUST_04409,2023-10-06,USA,44,M,VIP
CUST_04410,2024-02-09,Germany,60,M,Regular
CUST_04411,2023-02-26,USA,57,F,Regular
CUST_04412,2023-01-04,France,43,F,New
CUST_04413,2024-05-04,Brazil,27,F,Regular
CUST_04414,2024-04-13,USA,22,M,New
CUST_04415,2023-10-27,UK,33,M,New
CUST_04416,2023-12-24,USA,47,F,At-Risk
CUST_04417,2023-10-31,Germany,59,F,New
CUST_04418,2023-01-18,USA,43,M,VIP
CUST_04419,2023-09-02,Germany,52,F,New
CUST_04420,2023-05-10,Germany,35,F,New
CUST_04421,2023-03-13,Australia,45,M,VIP
CUST_04422,2024-11-29,Germany,47,F,New
CUST_04423,2024-03-13,Germany,18,M,At-Risk
CUST_04424,2024-06-15,UK,33,F,Regular
CUST_04425,2023-08-19,Australia,49,F,New
CUST_04426,2023-10-14,Brazil,41,M,Regular
CUST_04427,2023-06-22,USA,23,F,New
CUST_04428,2023-03-12,Canada,18,F,New
CUST_04429,2023-05-11,UK,33,F,Regular
CUST_04430,2024-08-05,Canada,37,M,New
CUST_04431,2024-05-09,Canada,27,F,New
CUST_04432,2024-02-04,USA,39,F,VIP
CUST_04433,2023-12-13,France,44,F,VIP
CUST_04434,2024-11-04,USA,46,F,Regular
CUST_04435,2023-02-23,USA,18,M,Regular
CUST_04436,2023-07-24,USA,22,M,Regular
CUST_04437,2023-09-13,Brazil,34,F,Regular
CUST_04438,2024-07-25,USA,44,M,Regular
CUST_04439,2024-12-25,USA,43,F,At-Risk
CUST_04440,2023-06-25,France,43,F,New
CUST_04441,2024-09-30,USA,33,M,Regular
CUST_04442,2024-08-29,USA,34,F,At-Risk
CUST_04443,2023-06-13,USA,29,M,Regular
CUST_04444,2023-10-19,UK,47,F,At-Risk
CUST_04445,2023-10-27,UK,26,M,New
CUST_04446,2024-12-15,USA,48,M,New
CUST_04447,2023-05-13,Japan,40,M,At-Risk
CUST_04448,2024-08-06,France,37,F,New
CUST_04449,2023-09-01,USA,30,M,Regular
CUST_04450,2024-06-17,USA,21,M,New
CUST_04451,2023-11-03,UK,30,M,VIP
CUST_04452,2024-02-27,France,34,M,Regular
CUST_04453,2024-08-30,USA,18,F,New
CUST_04454,2024-08-10,USA,35,M,Regular
CUST_04455,2024-09-24,Canada,49,F,Regular
CUST_04456,2023-02-13,USA,44,F,New
CUST_04457,2024-05-20,UK,32,F,Regular
CUST_04458,2023-04-13,Canada,38,M,Regular
CUST_04459,2023-10-31,France,31,F,New
CUST_04460,2024-02-05,USA,39,M,VIP
CUST_04461,2023-10-21,France,56,F,New
CUST_04462,2024-01-15,USA,49,Other,New
CUST_04463,2024-12-28,Brazil,44,F,Regular
CUST_04464,2023-04-09,UK,32,F,Regular
CUST_04465,2024-05-08,Brazil,46,Other,At-Risk
CUST_04466,2023-10-17,Australia,18,F,New
CUST_04467,2023-04-08,Australia,34,M,New
CUST_04468,2023-04-26,Australia,45,M,New
CUST_04469,2024-11-23,Germany,46,M,VIP
CUST_04470,2024-10-04,UK,46,M,Regular
CUST_04471,2024-10-24,UK,41,F,Regular
CUST_04472,2024-12-24,France,35,F,New
CUST_04473,2023-06-02,Canada,44,M,VIP
CUST_04474,2023-09-17,USA,26,F,Regular
CUST_04475,2024-05-03,Australia,27,M,At-Risk
CUST_04476,2023-12-20,Brazil,38,Other,New
CUST_04477,2023-11-02,Japan,40,F,Regular
CUST_04478,2023-09-19,Canada,18,F,VIP
CUST_04479,2024-03-09,USA,43,F,Regular
CUST_04480,2024-02-25,USA,47,M,New
CUST_04481,2023-04-28,USA,37,F,At-Risk
CUST_04482,2023-12-11,USA,66,M,New
CUST_04483,2024-02-09,Germany,29,M,New
CUST_04484,2024-02-21,Brazil,33,F,Regular
CUST_04485,2023-06-03,Canada,33,M,Regular
CUST_04486,2024-06-25,France,37,F,VIP
CUST_04487,2023-01-19,USA,34,F,New
CUST_04488,2023-09-17,USA,21,M,Regular
CUST_04489,2024-07-23,USA,31,F,Regular
CUST_04490,2024-02-16,UK,36,M,New
CUST_04491,2023-07-10,Germany,52,F,At-Risk
CUST_04492,2024-05-22,USA,64,F,At-Risk
CUST_04493,2024-02-19,USA,54,M,Regular
CUST_04494,2024-08-04,USA,28,M,New
CUST_04495,2024-06-20,France,29,M,At-Risk
CUST_04496,2024-03-21,UK,36,F,New
CUST_04497,2023-12-23,UK,59,M,New
CUST_04498,2023-04-08,UK,36,M,New
CUST_04499,2023-07-10,Australia,22,F,New
CUST_04500,2023-11-02,USA,31,F,VIP
CUST_04501,2024-03-13,Germany,47,F,Regular
CUST_04502,2024-01-11,Brazil,46,F,At-Risk
CUST_04503,2023-07-30,Germany,35,F,New
CUST_04504,2023-01-05,Australia,46,F,Regular
CUST_04505,2023-12-29,UK,18,M,At-Risk
CUST_04506,2023-07-28,UK,39,F,VIP
CUST_04507,2024-06-20,USA,48,M,Regular
CUST_04508,2023-01-18,Germany,28,M,New
CUST_04509,2024-03-02,USA,27,F,VIP
CUST_04510,2024-11-18,USA,18,M,New
CUST_04511,2023-05-08,Germany,57,F,Regular
CUST_04512,2023-12-11,Germany,29,M,Regular
CUST_04513,2023-03-08,USA,40,M,Regular
CUST_04514,2024-04-01,France,45,F,Regular
CUST_04515,2024-02-06,France,56,F,Regular
CUST_04516,2023-10-25,USA,36,F,New
CUST_04517,2024-01-16,UK,31,F,Regular
CUST_04518,2024-10-16,Brazil,40,M,Regular
CUST_04519,2023-05-24,Germany,53,F,New
CUST_04520,2023-01-17,UK,35,M,New
CUST_04521,2024-09-21,USA,26,F,New
CUST_04522,2024-02-26,Germany,19,M,Regular
CUST_04523,2024-10-12,Australia,23,F,At-Risk
CUST_04524,2024-03-11,France,48,F,New
CUST_04525,2024-08-14,USA,34,M,Regular
CUST_04526,2023-11-10,UK,30,F,Regular
CUST_04527,2024-07-01,Canada,29,M,New
CUST_04528,2024-10-28,USA,39,M,At-Risk
CUST_04529,2024-02-22,Japan,35,F,New
CUST_04530,2023-05-12,Australia,34,M,At-Risk
CUST_04531,2023-07-16,USA,54,M,New
CUST_04532,2023-05-26,Australia,56,F,New
CUST_04533,2023-06-30,UK,18,F,New
CUST_04534,2023-08-12,Canada,41,M,New
CUST_04535,2024-02-10,UK,28,F,VIP
CUST_04536,2024-03-05,UK,35,F,New
CUST_04537,2023-11-08,France,41,F,Regular
CUST_04538,2024-03-25,Brazil,35,F,New
CUST_04539,2023-03-01,USA,40,F,VIP
CUST_04540,2023-03-06,Germany,46,F,VIP
CUST_04541,2023-05-06,USA,41,M,Regular
CUST_04542,2024-01-14,USA,30,M,New
CUST_04543,2023-06-06,USA,30,F,Regular
CUST_04544,2023-07-26,UK,20,Other,New
CUST_04545,2023-10-20,USA,27,F,New
CUST_04546,2024-08-15,USA,61,M,Regular
CUST_04547,2023-01-11,USA,28,F,At-Risk
CUST_04548,2024-04-19,USA,23,F,At-Risk
CUST_04549,2024-05-03,UK,41,F,Regular
CUST_04550,2024-08-06,Australia,36,F,Regular
CUST_04551,2024-11-11,USA,35,F,At-Risk
CUST_04552,2023-01-15,Australia,54,M,Regular
CUST_04553,2023-04-23,Brazil,44,F,Regular
CUST_04554,2024-10-08,France,31,F,At-Risk
CUST_04555,2023-12-01,France,32,M,New
CUST_04556,2024-02-17,Canada,31,M,New
CUST_04557,2024-04-29,USA,48,F,Regular
CUST_04558,2024-05-10,Germany,34,F,New
CUST_04559,2024-11-11,France,18,M,New
CUST_04560,2024-12-28,Germany,37,M,Regular
CUST_04561,2024-06-09,Canada,19,M,Regular
CUST_04562,2023-07-29,USA,64,M,At-Risk
CUST_04563,2024-10-04,France,26,F,New
CUST_04564,2023-02-05,Germany,36,F,New
CUST_04565,2023-06-18,UK,41,F,New
CUST_04566,2024-10-17,USA,34,F,Regular
CUST_04567,2023-07-07,France,34,M,Regular
CUST_04568,2023-06-11,Canada,43,M,Regular
CUST_04569,2023-04-11,UK,56,M,New
CUST_04570,2024-09-19,Canada,47,M,Regular
CUST_04571,2024-01-01,UK,55,M,Regular
CUST_04572,2024-05-07,USA,25,F,New
CUST_04573,2023-06-24,USA,41,F,Regular
CUST_04574,2024-07-07,USA,39,F,Regular
CUST_04575,2024-07-08,UK,42,F,At-Risk
CUST_04576,2023-08-17,USA,54,F,VIP
CUST_04577,2023-10-27,France,35,F,Regular
CUST_04578,2023-06-03,Brazil,33,M,At-Risk
CUST_04579,2024-12-13,USA,44,Other,Regular
CUST_04580,2024-04-16,USA,18,M,At-Risk
CUST_04581,2024-11-13,USA,35,M,New
CUST_04582,2023-08-10,Germany,36,M,Regular
CUST_04583,2024-07-24,USA,26,Other,Regular
CUST_04584,2024-07-13,USA,50,Other,Regular
CUST_04585,2024-05-19,Australia,25,F,New
CUST_04586,2024-12-05,Brazil,36,F,New
CUST_04587,2023-10-15,USA,41,F,New
CUST_04588,2023-04-06,UK,54,Other,New
CUST_04589,2024-05-05,UK,37,F,New
CUST_04590,2024-06-16,Brazil,49,F,Regular
CUST_04591,2024-02-24,Germany,46,M,At-Risk
CUST_04592,2023-05-31,USA,39,M,Regular
CUST_04593,2024-01-04,Brazil,24,F,VIP
CUST_04594,2023-08-16,UK,20,M,At-Risk
CUST_04595,2023-11-09,USA,39,F,Regular
CUST_04596,2024-04-16,UK,31,F,New
CUST_04597,2024-06-28,UK,49,F,New
CUST_04598,2023-06-19,USA,46,M,At-Risk
CUST_04599,2023-10-23,USA,35,F,New
CUST_04600,2023-07-16,UK,24,F,Regular
CUST_04601,2023-05-26,USA,44,F,New
CUST_04602,2024-07-25,Brazil,25,F,At-Risk
CUST_04603,2024-10-25,USA,28,F,Regular
CUST_04604,2023-09-28,USA,26,F,VIP
CUST_04605,2024-07-02,France,36,M,New
CUST_04606,2024-10-16,Brazil,52,F,New
CUST_04607,2024-09-09,Brazil,37,M,Regular
CUST_04608,2023-05-14,UK,32,M,At-Risk
CUST_04609,2024-11-29,USA,19,M,Regular
CUST_04610,2023-10-02,Brazil,44,F,At-Risk
CUST_04611,2023-09-05,France,28,M,VIP
CUST_04612,2023-02-15,USA,39,M,VIP
CUST_04613,2023-12-21,Australia,33,F,Regular
CUST_04614,2023-03-21,USA,48,F,New
CUST_04615,2023-07-01,Japan,36,M,New
CUST_04616,2023-08-20,Canada,37,F,At-Risk
CUST_04617,2024-08-13,France,43,F,At-Risk
CUST_04618,2024-10-01,Australia,63,M,Regular
CUST_04619,2023-08-09,Brazil,48,F,New
CUST_04620,2024-09-18,USA,36,F,New
CUST_04621,2024-09-17,UK,38,F,At-Risk
CUST_04622,2024-07-12,USA,31,F,New
CUST_04623,2023-04-18,UK,26,F,VIP
CUST_04624,2024-05-18,Brazil,31,M,New
CUST_04625,2024-11-20,UK,28,F,Regular
CUST_04626,2024-05-13,USA,45,M,VIP
CUST_04627,2023-08-31,Germany,25,M,New
CUST_04628,2024-01-01,Canada,53,M,New
CUST_04629,2024-04-16,USA,47,F,At-Risk
CUST_04630,2024-01-08,UK,38,M,Regular
CUST_04631,2023-03-29,USA,38,M,VIP
CUST_04632,2023-08-16,France,31,M,VIP
CUST_04633,2024-08-08,USA,41,F,New
CUST_04634,2024-09-20,France,51,F,New
CUST_04635,2023-04-11,USA,29,F,Regular
CUST_04636,2024-11-26,USA,19,M,New
CUST_04637,2023-08-29,Australia,46,M,Regular
CUST_04638,2024-04-28,USA,41,F,VIP
CUST_04639,2024-07-02,UK,24,F,New
CUST_04640,2024-08-15,USA,29,M,Regular
CUST_04641,2024-11-21,UK,27,M,New
CUST_04642,2023-08-17,Germany,29,M,New
CUST_04643,2024-09-18,USA,34,F,Regular
CUST_04644,2023-04-07,USA,34,M,VIP
CUST_04645,2024-05-29,UK,30,F,New
CUST_04646,2024-06-25,France,28,M,Regular
CUST_04647,2024-05-09,Brazil,35,M,Regular
CUST_04648,2023-07-04,Germany,40,M,New
CUST_04649,2024-09-29,Germany,34,F,Regular
CUST_04650,2023-05-04,USA,51,F,At-Risk
CUST_04651,2023-02-09,USA,44,M,Regular
CUST_04652,2024-06-07,USA,18,F,New
CUST_04653,2023-12-14,USA,44,M,Regular
CUST_04654,2024-09-11,USA,45,F,Regular
CUST_04655,2023-10-07,Germany,32,F,New
CUST_04656,2023-05-03,Germany,20,M,New
CUST_04657,2024-09-02,Australia,38,F,New
CUST_04658,2024-02-05,USA,37,F,New
CUST_04659,2023-05-19,France,24,M,New
CUST_04660,2024-06-09,Brazil,20,F,Regular
CUST_04661,2024-01-09,Germany,36,M,New
CUST_04662,2024-03-17,USA,35,F,At-Risk
CUST_04663,2023-12-03,USA,32,M,Regular
CUST_04664,2024-08-27,USA,36,F,At-Risk
CUST_04665,2024-08-28,USA,24,M,Regular
CUST_04666,2024-06-01,Brazil,32,M,New
CUST_04667,2023-03-18,USA,44,M,Regular
CUST_04668,2024-09-04,USA,33,M,VIP
CUST_04669,2024-05-04,France,18,F,New
CUST_04670,2024-05-23,Brazil,32,M,New
CUST_04671,2023-09-22,UK,25,F,New
CUST_04672,2024-10-03,France,41,M,New
CUST_04673,2024-06-13,UK,41,F,New
CUST_04674,2023-03-24,USA,18,F,New
CUST_04675,2023-10-25,UK,47,Other,New
CUST_04676,2024-10-09,Germany,24,Other,Regular
CUST_04677,2023-02-04,Australia,56,F,New
CUST_04678,2024-12-02,USA,37,F,Regular
CUST_04679,2024-05-10,Germany,23,M,Regular
CUST_04680,2024-04-05,USA,24,F,Regular
CUST_04681,2023-07-17,Germany,42,F,New
CUST_04682,2023-07-01,USA,33,M,Regular
CUST_04683,2024-11-18,USA,36,F,New
CUST_04684,2023-08-06,Brazil,57,M,Regular
CUST_04685,2024-07-20,Germany,29,F,Regular
CUST_04686,2023-10-14,UK,38,M,New
CUST_04687,2023-04-12,USA,55,F,New
CUST_04688,2023-01-08,USA,41,F,New
CUST_04689,2024-02-02,UK,18,F,New
CUST_04690,2024-12-13,Canada,44,F,New
CUST_04691,2023-09-27,Japan,24,F,At-Risk
CUST_04692,2023-09-18,UK,54,M,New
CUST_04693,2023-09-09,UK,28,M,Regular
CUST_04694,2024-01-15,Canada,73,M,Regular
CUST_04695,2023-11-18,UK,55,M,Regular
CUST_04696,2024-10-04,Germany,28,M,At-Risk
CUST_04697,2024-01-05,USA,38,F,At-Risk
CUST_04698,2024-01-06,Brazil,47,F,VIP
CUST_04699,2023-04-12,Germany,47,F,At-Risk
CUST_04700,2024-12-18,Brazil,43,M,New
CUST_04701,2023-07-02,Brazil,53,M,Regular
CUST_04702,2023-02-23,USA,36,F,At-Risk
CUST_04703,2024-04-29,France,33,M,Regular
CUST_04704,2024-03-10,Brazil,33,M,At-Risk
CUST_04705,2023-10-31,USA,48,M,New
CUST_04706,2023-11-05,USA,42,M,Regular
CUST_04707,2024-07-27,USA,41,M,At-Risk
CUST_04708,2023-05-23,UK,47,M,New
CUST_04709,2024-08-21,UK,18,M,Regular
CUST_04710,2024-04-18,Germany,41,F,New
CUST_04711,2023-11-02,USA,40,M,Regular
CUST_04712,2023-12-01,Canada,58,M,At-Risk
CUST_04713,2023-07-07,USA,19,F,New
CUST_04714,2024-07-03,USA,56,F,New
CUST_04715,2024-01-10,UK,38,M,New
CUST_04716,2023-08-23,UK,43,F,At-Risk
CUST_04717,2024-03-11,USA,58,M,Regular
CUST_04718,2024-12-27,USA,44,M,New
CUST_04719,2023-11-14,USA,42,Other,New
CUST_04720,2024-11-03,France,40,F,VIP
CUST_04721,2023-09-09,Brazil,32,M,VIP
CUST_04722,2023-02-09,UK,37,F,New
CUST_04723,2023-05-30,France,29,F,New
CUST_04724,2023-11-02,Brazil,37,M,VIP
CUST_04725,2023-06-10,USA,18,M,Regular
CUST_04726,2023-01-01,Japan,43,M,At-Risk
CUST_04727,2024-10-29,Canada,36,F,Regular
CUST_04728,2024-09-08,USA,33,M,Regular
CUST_04729,2024-06-25,USA,40,F,Regular
CUST_04730,2023-05-03,USA,20,M,At-Risk
CUST_04731,2023-03-29,USA,61,M,New
CUST_04732,2023-02-19,Brazil,36,F,New
CUST_04733,2024-06-12,UK,36,F,New
CUST_04734,2024-11-09,Brazil,26,M,At-Risk
CUST_04735,2023-11-11,Brazil,38,M,Regular
CUST_04736,2023-03-28,Germany,54,F,New
CUST_04737,2024-01-10,France,50,M,Regular
CUST_04738,2023-09-12,USA,48,M,New
CUST_04739,2023-10-01,USA,44,F,New
CUST_04740,2024-03-29,France,33,F,New
CUST_04741,2024-06-08,USA,20,M,Regular
CUST_04742,2023-03-22,USA,35,F,Regular
CUST_04743,2023-01-26,Canada,35,F,VIP
CUST_04744,2024-12-26,France,50,M,At-Risk
CUST_04745,2023-06-19,USA,41,F,Regular
CUST_04746,2023-02-09,France,57,M,Regular
CUST_04747,2023-05-19,Brazil,52,M,New
CUST_04748,2023-01-29,USA,32,M,New
CUST_04749,2023-10-14,USA,18,M,New
CUST_04750,2024-08-08,Australia,54,F,Regular
CUST_04751,2023-09-07,USA,54,M,New
CUST_04752,2023-11-21,USA,21,F,New
CUST_04753,2024-05-08,UK,56,M,Regular
CUST_04754,2024-01-07,Brazil,42,M,New
CUST_04755,2024-09-20,USA,39,F,Regular
CUST_04756,2024-09-24,USA,57,F,Regular
CUST_04757,2023-01-08,USA,54,F,New
CUST_04758,2024-07-21,Japan,45,F,New
CUST_04759,2023-12-03,USA,43,M,New
CUST_04760,2024-12-22,Germany,45,F,New
CUST_04761,2023-12-19,Australia,33,M,Regular
CUST_04762,2024-12-21,USA,37,F,VIP
CUST_04763,2024-07-04,Japan,27,F,New
CUST_04764,2023-07-01,Australia,34,M,New
CUST_04765,2024-01-29,Canada,33,M,VIP
CUST_04766,2024-12-25,USA,30,F,New
CUST_04767,2024-09-17,France,39,F,New
CUST_04768,2023-03-13,Brazil,34,M,Regular
CUST_04769,2024-05-30,Japan,44,Other,Regular
CUST_04770,2023-09-10,USA,18,F,Regular
CUST_04771,2023-01-06,Brazil,36,M,Regular
CUST_04772,2023-10-22,USA,39,M,New
CUST_04773,2023-06-21,USA,34,F,Regular
CUST_04774,2024-08-20,UK,35,M,New
CUST_04775,2023-09-04,Brazil,18,M,VIP
CUST_04776,2024-08-27,UK,42,F,At-Risk
CUST_04777,2023-01-01,Germany,45,F,New
CUST_04778,2023-08-13,Japan,43,F,New
CUST_04779,2023-06-26,UK,50,M,New
CUST_04780,2023-06-20,Germany,40,F,New
CUST_04781,2023-02-19,UK,43,Other,New
CUST_04782,2023-05-17,UK,39,M,Regular
CUST_04783,2024-02-10,France,46,F,At-Risk
CUST_04784,2023-08-01,Australia,19,F,New
CUST_04785,2023-11-01,Germany,27,F,New
CUST_04786,2023-10-03,Brazil,57,F,New
CUST_04787,2024-10-01,USA,18,M,New
CUST_04788,2024-10-22,USA,36,F,New
CUST_04789,2023-12-26,Germany,52,F,VIP
CUST_04790,2023-08-30,USA,36,F,New
CUST_04791,2023-03-19,USA,33,Other,At-Risk
CUST_04792,2024-11-26,Germany,39,M,Regular
CUST_04793,2023-02-13,USA,33,M,Regular
CUST_04794,2023-08-06,USA,38,M,New
CUST_04795,2023-08-06,Germany,29,F,Regular
CUST_04796,2023-08-22,Germany,51,M,Regular
CUST_04797,2023-04-30,Australia,55,F,New
CUST_04798,2024-07-25,France,36,M,New
CUST_04799,2023-03-31,UK,21,M,At-Risk
CUST_04800,2024-04-08,Australia,31,M,New
CUST_04801,2023-04-01,Brazil,35,F,Regular
CUST_04802,2023-02-21,USA,44,F,New
CUST_04803,2024-10-25,USA,25,F,New
CUST_04804,2023-05-19,France,28,F,New
CUST_04805,2024-08-22,Germany,44,M,New
CUST_04806,2024-02-02,Brazil,49,M,Regular
CUST_04807,2023-02-26,Brazil,30,Other,Regular
CUST_04808,2024-11-28,France,22,F,VIP
CUST_04809,2023-06-30,Japan,77,M,Regular
CUST_04810,2024-09-19,Germany,47,F,New
CUST_04811,2023-05-04,USA,34,M,Regular
CUST_04812,2024-09-15,Canada,48,M,Regular
CUST_04813,2023-01-10,USA,36,M,Regular
CUST_04814,2024-01-09,Brazil,48,F,Regular
CUST_04815,2024-07-15,Australia,39,M,Regular
CUST_04816,2024-11-13,France,39,M,New
CUST_04817,2024-10-25,Germany,36,M,Regular
CUST_04818,2024-08-21,UK,20,M,New
CUST_04819,2024-10-10,UK,61,F,Regular
CUST_04820,2023-05-26,UK,26,M,New
CUST_04821,2023-07-27,France,21,M,VIP
CUST_04822,2023-07-30,Brazil,35,F,Regular
CUST_04823,2023-10-03,France,26,M,Regular
CUST_04824,2023-10-15,USA,37,M,VIP
CUST_04825,2024-02-02,UK,46,M,At-Risk
CUST_04826,2023-04-27,Brazil,49,F,Regular
CUST_04827,2024-05-19,UK,47,F,New
CUST_04828,2023-05-03,Germany,34,M,At-Risk
CUST_04829,2023-08-15,Brazil,38,F,Regular
CUST_04830,2024-01-03,France,42,F,Regular
CUST_04831,2024-08-04,UK,18,F,At-Risk
CUST_04832,2024-06-23,Canada,44,M,New
CUST_04833,2024-04-16,USA,20,M,New
CUST_04834,2023-04-24,Japan,62,F,Regular
CUST_04835,2024-02-04,USA,33,F,VIP
CUST_04836,2023-03-05,USA,35,F,Regular
CUST_04837,2023-10-03,Canada,28,M,Regular
CUST_04838,2023-10-29,USA,30,M,Regular
CUST_04839,2023-01-30,Brazil,65,F,Regular
CUST_04840,2023-07-20,Brazil,49,F,VIP
CUST_04841,2024-11-28,Canada,19,M,New
CUST_04842,2024-11-27,Japan,56,M,Regular
CUST_04843,2023-09-15,USA,52,M,VIP
CUST_04844,2023-02-01,France,34,F,Regular
CUST_04845,2023-05-11,USA,41,F,New
CUST_04846,2023-10-14,UK,37,F,New
CUST_04847,2024-11-22,Canada,61,F,VIP
CUST_04848,2023-04-14,UK,28,M,New
CUST_04849,2024-07-11,Germany,39,F,New
CUST_04850,2023-03-21,Germany,32,Other,New
CUST_04851,2024-12-17,France,20,F,Regular
CUST_04852,2023-10-06,Japan,64,F,Regular
CUST_04853,2024-07-19,USA,23,M,VIP
CUST_04854,2023-09-08,Germany,40,F,New
CUST_04855,2024-04-03,Canada,18,F,Regular
CUST_04856,2023-05-21,UK,33,F,Regular
CUST_04857,2023-04-17,USA,43,M,New
CUST_04858,2024-11-15,Germany,28,F,New
CUST_04859,2024-10-31,USA,45,M,At-Risk
CUST_04860,2024-10-09,USA,34,M,Regular
CUST_04861,2024-04-01,Canada,51,M,Regular
CUST_04862,2024-08-13,Germany,54,F,New
CUST_04863,2023-02-20,Australia,30,M,VIP
CUST_04864,2023-09-02,Brazil,38,M,Regular
CUST_04865,2023-08-18,France,40,F,VIP
CUST_04866,2024-04-09,USA,45,F,At-Risk
CUST_04867,2023-09-17,UK,38,F,At-Risk
CUST_04868,2023-04-19,USA,40,M,At-Risk
CUST_04869,2024-03-11,Australia,35,F,New
CUST_04870,2024-08-17,USA,39,M,At-Risk
CUST_04871,2023-10-06,USA,53,M,New
CUST_04872,2023-04-07,Germany,45,M,At-Risk
CUST_04873,2023-05-24,USA,46,F,New
CUST_04874,2023-06-23,USA,46,M,Regular
CUST_04875,2023-08-07,Germany,36,M,New
CUST_04876,2024-04-14,USA,41,M,VIP
CUST_04877,2024-03-14,USA,24,F,New
CUST_04878,2024-05-23,UK,53,F,Regular
CUST_04879,2023-09-22,Brazil,18,F,VIP
CUST_04880,2024-08-24,Germany,36,M,Regular
CUST_04881,2023-05-29,UK,51,M,New
CUST_04882,2023-12-09,Germany,21,M,Regular
CUST_04883,2024-08-07,UK,42,F,New
CUST_04884,2023-05-12,Australia,29,M,Regular
CUST_04885,2023-03-22,USA,33,M,At-Risk
CUST_04886,2024-10-07,France,49,F,Regular
CUST_04887,2023-09-08,Canada,40,M,New
CUST_04888,2024-05-14,Brazil,18,M,New
CUST_04889,2023-01-19,USA,26,M,At-Risk
CUST_04890,2024-05-18,USA,49,M,New
CUST_04891,2023-08-19,France,43,F,Regular
CUST_04892,2023-02-10,USA,58,Other,Regular
CUST_04893,2024-03-21,Brazil,58,M,VIP
CUST_04894,2023-06-25,France,33,M,At-Risk
CUST_04895,2023-10-10,Brazil,68,F,New
CUST_04896,2023-02-28,USA,38,F,Regular
CUST_04897,2023-04-18,France,26,M,Regular
CUST_04898,2023-08-06,France,30,F,New
CUST_04899,2023-03-07,Canada,18,M,New
CUST_04900,2024-10-26,USA,57,F,Regular
CUST_04901,2023-01-05,USA,57,Other,New
CUST_04902,2023-12-20,UK,25,F,VIP
CUST_04903,2023-03-31,USA,35,F,New
CUST_04904,2023-08-13,Germany,39,M,New
CUST_04905,2024-11-07,Australia,26,F,New
CUST_04906,2023-04-29,UK,18,F,New
CUST_04907,2024-12-06,Canada,35,F,Regular
CUST_04908,2023-05-31,USA,34,M,New
CUST_04909,2024-06-25,USA,33,F,Regular
CUST_04910,2024-02-04,USA,40,F,At-Risk
CUST_04911,2024-10-07,USA,55,M,VIP
CUST_04912,2024-02-09,Australia,34,M,New
CUST_04913,2024-01-26,USA,40,M,At-Risk
CUST_04914,2023-05-23,Germany,46,F,New
CUST_04915,2023-05-02,UK,44,F,Regular
CUST_04916,2024-10-31,Australia,30,F,Regular
CUST_04917,2023-08-28,USA,39,M,New
CUST_04918,2023-09-29,USA,44,F,At-Risk
CUST_04919,2024-07-08,USA,24,F,New
CUST_04920,2023-09-05,UK,53,M,Regular
CUST_04921,2024-11-26,USA,55,M,New
CUST_04922,2024-06-22,Canada,29,M,VIP
CUST_04923,2024-03-12,Germany,40,F,VIP
CUST_04924,2024-10-05,Germany,45,M,New
CUST_04925,2023-02-06,Germany,31,M,Regular
CUST_04926,2023-07-07,USA,43,M,Regular
CUST_04927,2023-12-06,UK,39,F,Regular
CUST_04928,2023-06-15,Japan,20,M,Regular
CUST_04929,2024-06-27,Canada,43,M,Regular
CUST_04930,2024-11-02,Canada,24,M,New
CUST_04931,2023-11-06,Canada,49,M,Regular
CUST_04932,2023-09-07,USA,29,M,Regular
CUST_04933,2024-12-02,USA,36,F,Regular
CUST_04934,2023-11-21,USA,54,F,At-Risk
CUST_04935,2023-12-24,USA,43,F,New
CUST_04936,2023-09-14,USA,25,F,New
CUST_04937,2024-10-25,UK,25,M,New
CUST_04938,2024-02-20,France,30,F,New
CUST_04939,2024-07-10,Canada,42,M,New
CUST_04940,2024-08-15,Brazil,42,M,At-Risk
CUST_04941,2023-09-07,Australia,27,F,New
CUST_04942,2023-11-13,USA,23,F,Regular
CUST_04943,2024-09-11,USA,41,F,New
CUST_04944,2023-09-23,France,35,F,Regular
CUST_04945,2024-08-02,USA,63,Other,At-Risk
CUST_04946,2024-11-17,USA,38,F,New
CUST_04947,2024-03-30,USA,59,F,VIP
CUST_04948,2024-06-25,USA,23,F,At-Risk
CUST_04949,2024-08-10,Germany,19,M,Regular
CUST_04950,2024-09-08,UK,24,M,New
CUST_04951,2023-10-16,Germany,52,F,Regular
CUST_04952,2023-02-07,France,59,M,VIP
CUST_04953,2023-10-21,UK,28,M,New
CUST_04954,2024-05-06,USA,32,M,Regular
CUST_04955,2023-11-25,USA,23,M,New
CUST_04956,2024-06-30,USA,18,F,New
CUST_04957,2023-09-18,Brazil,46,F,At-Risk
CUST_04958,2024-04-08,Brazil,40,F,Regular
CUST_04959,2023-05-17,France,38,F,New
CUST_04960,2024-07-01,USA,21,F,Regular
CUST_04961,2024-02-03,Germany,57,F,New
CUST_04962,2023-05-29,Germany,31,F,New
CUST_04963,2023-08-02,UK,44,M,Regular
CUST_04964,2024-06-30,Germany,20,M,Regular
CUST_04965,2023-12-19,UK,35,M,New
CUST_04966,2023-06-07,Germany,41,F,New
CUST_04967,2024-12-07,France,41,F,Regular
CUST_04968,2024-06-06,USA,39,F,VIP
CUST_04969,2024-11-29,Brazil,43,F,At-Risk
CUST_04970,2023-11-08,USA,24,M,New
CUST_04971,2023-12-13,USA,40,M,Regular
CUST_04972,2024-10-17,Japan,39,F,At-Risk
CUST_04973,2024-01-19,Australia,40,M,Regular
CUST_04974,2024-05-31,USA,38,F,At-Risk
CUST_04975,2023-07-04,UK,22,F,At-Risk
CUST_04976,2023-11-23,USA,22,F,New
CUST_04977,2023-04-01,UK,18,M,New
CUST_04978,2023-05-31,Canada,47,F,New
CUST_04979,2023-01-01,Australia,47,F,New
CUST_04980,2023-01-29,France,48,Other,At-Risk
CUST_04981,2024-12-14,UK,41,F,At-Risk
CUST_04982,2023-06-26,Germany,18,F,New
CUST_04983,2024-04-29,USA,25,M,Regular
CUST_04984,2024-09-04,Australia,40,F,Regular
CUST_04985,2024-02-06,Canada,39,F,New
CUST_04986,2023-04-22,Germany,35,M,Regular
CUST_04987,2024-06-15,USA,42,M,At-Risk
CUST_04988,2024-03-14,USA,38,M,New
CUST_04989,2024-06-17,USA,39,F,New
CUST_04990,2024-07-15,Brazil,30,M,New
CUST_04991,2024-12-13,UK,49,M,New
CUST_04992,2024-02-23,USA,32,F,New
CUST_04993,2023-09-07,UK,22,F,Regular
CUST_04994,2024-04-18,Brazil,28,M,Regular
CUST_04995,2023-02-19,USA,33,M,VIP
CUST_04996,2024-10-17,Canada,49,M,New
CUST_04997,2023-03-29,Canada,37,M,New
CUST_04998,2023-08-28,Australia,35,M,VIP
CUST_04999,2024-08-18,UK,23,F,VIP
CUST_05000,2024-03-12,USA,47,F,New
